latitude,longitude,brightness,scan,track,acq_date,acq_time,satellite,instrument,confidence,version,bright_t31,frp,daynight,type
-2.6861,105.9552,312.3,1.3,1.1,2023-01-10,0629,Aqua,MODIS,67,61.03,281.6,10.8,D,0
-2.8622,106.4522,314.5,1.2,1.1,2023-01-10,0629,Aqua,MODIS,70,61.03,286.1,10.2,D,0
-2.8695,106.2399,315.4,1.2,1.1,2023-01-10,0629,Aqua,MODIS,71,61.03,288.2,11.4,D,0
-2.7978,106.3934,308.9,1.2,1.1,2023-01-10,0629,Aqua,MODIS,54,61.03,284.1,7.1,D,0
-2.7361,106.5287,308.5,1.2,1.1,2023-01-10,0629,Aqua,MODIS,33,61.03,285.8,6.2,D,0
-2.7127,105.9818,322.1,1.3,1.1,2023-01-10,0629,Aqua,MODIS,72,61.03,276.6,22.7,D,0
-2.5387,106.2081,317.9,1.2,1.1,2023-01-10,0629,Aqua,MODIS,71,61.03,284.3,15.6,D,0
-2.5402,106.1973,318.1,1.2,1.1,2023-01-10,0629,Aqua,MODIS,75,61.03,286,15.9,D,0
-3.0609,106.5656,326.9,2,1.4,2023-01-12,0616,Aqua,MODIS,73,61.03,284.8,58.3,D,0
-3.0634,106.5479,321.3,2,1.4,2023-01-12,0616,Aqua,MODIS,75,61.03,282.5,42.1,D,0
-3.0585,106.5602,330,2,1.4,2023-01-12,0616,Aqua,MODIS,83,61.03,285.9,66.4,D,0
-2.9985,107.6459,329.8,1.1,1.1,2023-02-09,0626,Aqua,MODIS,83,61.03,292.7,28.1,D,0
-3,107.6357,320.9,1.2,1.1,2023-02-09,0626,Aqua,MODIS,73,61.03,292.9,15.6,D,0
-1.7842,105.8822,310.2,2.4,1.5,2023-02-18,0615,Aqua,MODIS,30,61.03,290.3,18.6,D,0
-2.4304,106.1698,314.4,1.2,1.1,2023-02-19,0313,Terra,MODIS,61,61.03,293.9,10.3,D,0
-1.9361,105.2118,318,1,1,2023-03-07,0648,Aqua,MODIS,49,61.03,297,7.5,D,0
-2.7645,106.4639,313.3,1.1,1,2023-03-10,0307,Terra,MODIS,63,61.03,294.1,6.8,D,0
-2.4319,106.218,324,1.1,1,2023-03-16,0635,Aqua,MODIS,75,61.03,288.3,20.7,D,0
-2.729,106.4502,332.6,1.1,1,2023-03-16,0635,Aqua,MODIS,86,61.03,289.5,30.5,D,0
-2.627,106.6202,319.3,1.7,1.3,2023-03-18,0622,Aqua,MODIS,74,61.03,292.1,21.8,D,0
-2.46,106.1788,314.5,1.8,1.3,2023-03-18,0622,Aqua,MODIS,70,61.03,291.2,16.9,D,0
-2.6374,106.6283,315.8,1.7,1.3,2023-03-18,0622,Aqua,MODIS,25,61.03,293.1,13.4,D,0
-2.5068,106.3372,304.5,2,1.4,2023-03-20,0325,Terra,MODIS,38,61.03,277.4,10.2,D,0
-1.6503,105.3995,315.3,1,1,2023-03-22,0308,Terra,MODIS,63,61.03,296.7,5.6,D,0
-1.655,105.5797,353.4,1.1,1,2023-03-23,0637,Aqua,MODIS,97,61.03,294.6,71.3,D,0
-1.6456,105.5784,328.4,1.1,1,2023-03-23,0637,Aqua,MODIS,81,61.03,295.2,20.9,D,0
-1.647,105.5686,330.9,1.1,1,2023-03-23,0637,Aqua,MODIS,83,61.03,295.7,25.2,D,0
-2.3254,105.8625,317.7,1.1,1.1,2023-04-11,0652,Aqua,MODIS,64,61.03,297.8,8.3,D,0
-1.8596,105.6318,317,1.1,1,2023-04-11,0653,Aqua,MODIS,64,61.03,295.2,8.2,D,0
-1.7993,105.419,315.6,1.1,1,2023-04-11,0653,Aqua,MODIS,61,61.03,297.6,7.8,D,0
-1.6971,105.8802,313.8,1.1,1.1,2023-04-11,0653,Aqua,MODIS,59,61.03,295.5,5.3,D,0
-2.6557,106.1311,316.8,1,1,2023-04-13,0639,Aqua,MODIS,52,61.03,285.2,13.6,D,0
-1.9868,105.6662,314.8,1.8,1.3,2023-04-15,0625,Aqua,MODIS,72,61.03,293.5,15.5,D,0
-2.9268,106.3545,315.8,1.2,1.1,2023-04-18,0653,Aqua,MODIS,65,61.03,298,8.2,D,0
-2.0057,105.8675,312.2,3.2,1.7,2023-04-24,0611,Aqua,MODIS,40,61.03,276.9,49.4,D,0
-2.6226,106.3751,311.9,1,1,2023-04-27,0639,Aqua,MODIS,47,61.03,289.9,5.7,D,0
-2.9395,106.86,309.4,1,1,2023-04-27,0639,Aqua,MODIS,61,61.03,289.4,5,D,0
-2.7488,106.2671,312,1.6,1.3,2023-05-02,0318,Terra,MODIS,60,61.03,294.6,9.2,D,0
-2.2822,106.0266,324.1,1.1,1.1,2023-05-02,0653,Aqua,MODIS,77,61.03,298.5,15.7,D,0
-2.86,106.2527,315.7,1.2,1.1,2023-05-02,0653,Aqua,MODIS,64,61.03,298.1,6.6,D,0
-2.8615,106.2425,345.9,1.2,1.1,2023-05-02,0653,Aqua,MODIS,93,61.03,299.2,56,D,0
-2.79,106.1628,316.5,1.1,1.1,2023-05-02,0653,Aqua,MODIS,66,61.03,296.2,7,D,0
-2.1577,105.8409,332,1.1,1,2023-05-04,0639,Aqua,MODIS,84,61.03,295.9,26.8,D,0
-2.3976,106.2171,316.7,1,1,2023-05-11,0639,Aqua,MODIS,65,61.03,297.9,6.5,D,0
-2.3989,106.2078,323.8,1,1,2023-05-11,0639,Aqua,MODIS,76,61.03,297.4,14,D,0
-2.3227,105.9612,332,1.1,1,2023-05-11,0639,Aqua,MODIS,84,61.03,297.2,25.6,D,0
-2.3241,105.9517,357.7,1.1,1,2023-05-11,0639,Aqua,MODIS,99,61.03,298.2,79.3,D,0
-2.1559,105.9056,323.8,1.1,1,2023-05-11,0639,Aqua,MODIS,76,61.03,297.6,15.2,D,0
-2.0551,105.9047,315.1,1.1,1,2023-05-11,0639,Aqua,MODIS,62,61.03,297.1,6.7,D,0
-2.0095,105.9684,323.9,1.1,1,2023-05-11,0639,Aqua,MODIS,77,61.03,297.3,15.3,D,0
-2.0088,105.8432,316.3,1.1,1,2023-05-11,0639,Aqua,MODIS,66,61.03,296.1,8.4,D,0
-1.9796,105.9161,319.4,1.1,1,2023-05-11,0639,Aqua,MODIS,71,61.03,296,10.7,D,0
-2.9087,106.5063,322.9,1,1,2023-05-11,0639,Aqua,MODIS,77,61.03,296.7,13.9,D,0
-2.91,106.4971,323.8,1,1,2023-05-11,0639,Aqua,MODIS,78,61.03,296.4,14.9,D,0
-3.0496,107.7351,319.5,1.3,1.1,2023-05-13,0625,Aqua,MODIS,73,61.03,297.2,17.5,D,0
-2.8701,108.0576,314.2,1.3,1.1,2023-05-13,0625,Aqua,MODIS,60,61.03,296.3,8.7,D,0
-2.7818,106.3164,315.2,1.7,1.3,2023-05-13,0625,Aqua,MODIS,55,61.03,292.3,18.8,D,0
-1.9578,105.7473,312,1.8,1.3,2023-05-13,0625,Aqua,MODIS,60,61.03,292.4,15.5,D,0
-2.7537,106.4981,310.9,1.7,1.3,2023-05-26,0318,Terra,MODIS,51,61.03,292,12.5,D,0
-2.7559,106.5134,312.9,1.7,1.3,2023-05-26,0318,Terra,MODIS,64,61.03,292,16.1,D,0
-2.8495,107.6786,310.3,1.1,1.1,2023-05-28,0302,Terra,MODIS,55,61.03,290.1,6.5,D,0
-2.8761,106.4795,321.5,1.8,1.3,2023-06-03,0624,Aqua,MODIS,78,61.03,293.8,29.5,D,0
-2.8785,106.4908,322,1.8,1.3,2023-06-03,0624,Aqua,MODIS,74,61.03,293.2,32.8,D,0
-2.8808,106.4751,313.8,1.8,1.3,2023-06-03,0624,Aqua,MODIS,69,61.03,293.9,15.9,D,0
-2.8028,106.3503,315,1.8,1.3,2023-06-03,0624,Aqua,MODIS,71,61.03,283.9,25,D,0
-2.8052,106.3602,306.1,1.8,1.3,2023-06-03,0624,Aqua,MODIS,31,61.03,282.3,11.2,D,0
-2.8076,106.3441,311.1,1.8,1.3,2023-06-03,0624,Aqua,MODIS,65,61.03,284.2,19.2,D,0
-2.8739,106.4953,314.2,1.8,1.3,2023-06-03,0624,Aqua,MODIS,22,61.03,292.4,13.7,D,0
-2.0627,105.6057,317.1,1.6,1.2,2023-06-11,0705,Aqua,MODIS,68,61.03,296.3,16.5,D,0
-1.6433,105.6011,320.5,1,1,2023-06-13,0651,Aqua,MODIS,75,61.03,297.7,10.4,D,0
-1.7272,105.8437,316.1,1,1,2023-06-13,0651,Aqua,MODIS,66,61.03,297.2,7.9,D,0
-2.352,106.1778,314.8,1.1,1,2023-06-13,0651,Aqua,MODIS,66,61.03,296.9,6.2,D,0
-2.1532,106.0222,314.6,1,1,2023-06-13,0651,Aqua,MODIS,61,61.03,297,5.8,D,0
-2.1545,106.0129,318.2,1,1,2023-06-13,0651,Aqua,MODIS,69,61.03,295.6,9,D,0
-2.0963,105.9033,321.3,1,1,2023-06-13,0651,Aqua,MODIS,74,61.03,297.1,12.5,D,0
-2.095,105.9125,327.5,1,1,2023-06-13,0651,Aqua,MODIS,81,61.03,296.3,19.4,D,0
-1.7378,105.9942,311.6,1.1,1.1,2023-06-15,0637,Aqua,MODIS,37,61.03,289.3,5.6,D,0
-2.5864,107.7248,315.3,1,1,2023-06-15,0637,Aqua,MODIS,63,61.03,295.4,7.7,D,0
-2.5877,107.7158,312.9,1,1,2023-06-15,0637,Aqua,MODIS,55,61.03,295.2,6,D,0
-1.622,105.4782,305.1,1.1,1.1,2023-06-18,1456,Terra,MODIS,62,61.03,292.4,5.4,N,0
-1.6206,105.4882,306.6,1.1,1.1,2023-06-18,1456,Terra,MODIS,68,61.03,292.4,6.5,N,0
-2.285,106.0012,320.8,1.2,1.1,2023-06-22,0636,Aqua,MODIS,73,61.03,298.7,14.5,D,0
-2.6112,106.2224,313.7,1.2,1.1,2023-06-22,0636,Aqua,MODIS,61,61.03,299,6.5,D,0
-2.4494,106.0691,312.7,1.2,1.1,2023-06-22,0636,Aqua,MODIS,38,61.03,296.7,6.5,D,0
-2.43,106.0663,313.8,1.2,1.1,2023-06-22,0636,Aqua,MODIS,58,61.03,297.7,6.8,D,0
-2.2866,105.9906,322.5,1.2,1.1,2023-06-22,0636,Aqua,MODIS,75,61.03,299.3,17.2,D,0
-2.0014,105.712,312.4,1.2,1.1,2023-06-22,0636,Aqua,MODIS,58,61.03,297.6,6.9,D,0
-2.0029,105.7011,312.2,1.2,1.1,2023-06-22,0636,Aqua,MODIS,58,61.03,297.8,6.5,D,0
-1.8214,105.4706,309.4,1.3,1.1,2023-06-22,0636,Aqua,MODIS,20,61.03,293.7,3.9,D,0
-2.5957,106.0257,314.1,2.2,1.4,2023-06-24,0622,Aqua,MODIS,67,61.03,296.7,24.7,D,0
-2.3983,106.2167,314.5,2.1,1.4,2023-06-24,0622,Aqua,MODIS,61,61.03,299.2,18.1,D,0
-2.3324,106.1205,313.5,1,1,2023-06-27,0650,Aqua,MODIS,58,61.03,294.5,7.1,D,0
-2.3097,105.9542,312.3,1,1,2023-06-27,0650,Aqua,MODIS,37,61.03,295.4,5.2,D,0
-2.2766,105.867,328.3,1,1,2023-06-27,0650,Aqua,MODIS,82,61.03,295.9,20.1,D,0
-2.311,105.9453,319.8,1,1,2023-06-27,0650,Aqua,MODIS,73,61.03,294.8,11.8,D,0
-1.8984,105.6176,328.2,1,1,2023-06-27,0650,Aqua,MODIS,82,61.03,296.1,19.2,D,0
-1.829,105.6464,313.2,1,1,2023-06-27,0650,Aqua,MODIS,46,61.03,293.7,5.2,D,0
-2.9872,107.5882,312.1,1.1,1,2023-06-29,0635,Aqua,MODIS,52,61.03,296.1,5.2,D,0
-2.6108,108.0898,311.7,1,1,2023-06-29,0635,Aqua,MODIS,0,61.03,297.8,4.9,D,0
-2.5997,107.9152,314.6,1,1,2023-06-29,0635,Aqua,MODIS,62,61.03,297.2,8.2,D,0
-2.9858,107.5976,315.2,1.1,1,2023-06-29,0635,Aqua,MODIS,63,61.03,296.3,7.9,D,0
-3.1899,108.0552,313.1,1.6,1.3,2023-07-01,0621,Aqua,MODIS,43,61.03,294.2,11.9,D,0
-2.6857,107.8038,316,1.7,1.3,2023-07-01,0621,Aqua,MODIS,71,61.03,293.2,21.2,D,0
-2.6856,107.8136,318.1,1.7,1.3,2023-07-01,0621,Aqua,MODIS,69,61.03,293.1,23.3,D,0
-2.1424,106.0155,313.8,1,1,2023-07-04,0649,Aqua,MODIS,59,61.03,297.2,5.1,D,0
-1.7039,105.8669,314.3,1,1,2023-07-04,0649,Aqua,MODIS,59,61.03,297.5,5.3,D,0
-2.1437,106.0066,321.3,1,1,2023-07-04,0649,Aqua,MODIS,74,61.03,297.8,12.1,D,0
-1.6255,105.8307,317.2,1,1,2023-07-04,0649,Aqua,MODIS,67,61.03,297.9,7.3,D,0
-2.9938,106.8129,311.9,1.2,1.1,2023-07-13,0633,Aqua,MODIS,64,61.03,292.4,8.8,D,0
-2.9315,106.8263,324.9,1.2,1.1,2023-07-13,0633,Aqua,MODIS,81,61.03,292.7,24.6,D,0
-2.6114,106.3425,317,1.3,1.1,2023-07-13,0633,Aqua,MODIS,70,61.03,295.8,11.5,D,0
-2.5972,106.2147,311.8,1.4,1.2,2023-07-16,0701,Aqua,MODIS,53,61.03,292.5,6.4,D,0
-2.9197,106.8186,309.8,2.6,1.5,2023-07-18,0323,Terra,MODIS,50,61.03,292.8,18.8,D,0
-1.7922,105.4677,323.8,1,1,2023-07-18,0647,Aqua,MODIS,76,61.03,296,15.7,D,0
-2.9653,107.676,323.1,1,1,2023-07-18,0647,Aqua,MODIS,77,61.03,295.4,15.3,D,0
-2.8595,107.9598,312.3,1.1,1,2023-07-18,0647,Aqua,MODIS,59,61.03,294.7,6.4,D,0
-2.8342,106.4794,317.8,1,1,2023-07-18,0647,Aqua,MODIS,71,61.03,291.3,9.6,D,0
-2.8355,106.4706,318.3,1,1,2023-07-18,0647,Aqua,MODIS,72,61.03,293.3,10.8,D,0
-2.6501,107.6963,303.8,1.4,1.2,2023-07-22,1509,Terra,MODIS,51,61.03,292.5,6.6,N,0
-2.0341,105.509,327.3,1.2,1.1,2023-07-23,0700,Aqua,MODIS,80,61.03,296.4,24.6,D,0
-2.0356,105.4985,339.4,1.2,1.1,2023-07-23,0700,Aqua,MODIS,89,61.03,297.4,46.1,D,0
-1.6224,105.4503,314.4,1.2,1.1,2023-07-23,0700,Aqua,MODIS,38,61.03,293.2,8.8,D,0
-2.6181,106.6217,316.8,1,1,2023-07-25,0645,Aqua,MODIS,67,61.03,296.9,7.7,D,0
-2.6412,106.3985,312.7,1,1,2023-07-25,0645,Aqua,MODIS,53,61.03,292.2,6,D,0
-2.1566,105.8625,314.9,1,1,2023-07-25,0646,Aqua,MODIS,53,61.03,292.5,9,D,0
-2.1579,105.8535,318.2,1,1,2023-07-25,0646,Aqua,MODIS,69,61.03,295,12.4,D,0
-2.0668,105.7785,314.6,1,1,2023-07-25,0646,Aqua,MODIS,59,61.03,298,5.2,D,0
-1.896,105.6214,331.5,1,1,2023-07-25,0646,Aqua,MODIS,84,61.03,299.2,22.8,D,0
-1.8973,105.6123,337.7,1,1,2023-07-25,0646,Aqua,MODIS,88,61.03,299.4,32.5,D,0
-1.8845,105.5768,315,1,1,2023-07-25,0646,Aqua,MODIS,62,61.03,298.1,5.8,D,0
-1.8623,105.6663,326.5,1,1,2023-07-25,0646,Aqua,MODIS,79,61.03,298.2,16.8,D,0
-1.8546,105.6559,315.2,1,1,2023-07-25,0646,Aqua,MODIS,58,61.03,297.6,4.9,D,0
-1.8559,105.6469,325.5,1,1,2023-07-25,0646,Aqua,MODIS,78,61.03,298.6,15.5,D,0
-1.8391,105.6999,325.9,1,1,2023-07-25,0646,Aqua,MODIS,79,61.03,297,17.1,D,0
-1.7938,105.9504,326.2,1,1,2023-07-25,0646,Aqua,MODIS,79,61.03,294.2,19.3,D,0
-1.828,105.4567,325.3,1,1,2023-07-25,0646,Aqua,MODIS,78,61.03,298.1,16.6,D,0
-2.9927,106.8099,301.9,1.9,1.4,2023-07-26,1436,Terra,MODIS,45,61.03,291.7,8,N,0
-1.5746,105.5653,324.6,1,1,2023-07-27,0257,Terra,MODIS,79,61.03,296.3,16.7,D,0
-1.8103,105.4211,325.8,1.7,1.3,2023-07-27,0631,Aqua,MODIS,81,61.03,295.6,36.8,D,0
-2.8404,108.0589,316.8,1.2,1.1,2023-07-27,0631,Aqua,MODIS,69,61.03,296.5,12.3,D,0
-2.8126,106.3458,310.1,1.5,1.2,2023-07-27,0631,Aqua,MODIS,46,61.03,294.1,9.1,D,0
-2.8145,106.3326,317.3,1.5,1.2,2023-07-27,0631,Aqua,MODIS,70,61.03,294.5,19.3,D,0
-2.7962,106.1531,313.2,1.5,1.2,2023-07-27,0631,Aqua,MODIS,62,61.03,296.7,10.3,D,0
-2.6978,105.9658,318.2,1.6,1.2,2023-07-27,0631,Aqua,MODIS,71,61.03,295.2,20,D,0
-2.6942,105.9729,314.3,1.6,1.2,2023-07-27,0631,Aqua,MODIS,64,61.03,295.3,12.2,D,0
-2.6963,105.9589,315.9,1.6,1.2,2023-07-27,0631,Aqua,MODIS,67,61.03,295.3,15,D,0
-2.534,106.4786,324.4,1.4,1.2,2023-07-27,0631,Aqua,MODIS,78,61.03,296.5,25.4,D,0
-2.5466,105.9747,312.3,1.6,1.2,2023-07-27,0631,Aqua,MODIS,59,61.03,296.4,9.6,D,0
-2.4937,106.2696,312.3,1.5,1.2,2023-07-27,0631,Aqua,MODIS,54,61.03,296.4,9,D,0
-2.417,105.9212,331.1,1.6,1.2,2023-07-27,0631,Aqua,MODIS,80,61.03,296.1,43.8,D,0
-2.4141,105.9296,323.4,1.6,1.2,2023-07-27,0631,Aqua,MODIS,78,61.03,296,28.9,D,0
-2.4162,105.9158,319.9,1.6,1.2,2023-07-27,0631,Aqua,MODIS,74,61.03,295.7,22.2,D,0
-2.3327,105.8545,315.3,1.6,1.2,2023-07-27,0631,Aqua,MODIS,68,61.03,295.8,15.4,D,0
-2.0546,105.7974,320.6,1.6,1.2,2023-07-27,0631,Aqua,MODIS,76,61.03,296,22.3,D,0
-2.0456,105.7819,313.9,1.6,1.2,2023-07-27,0631,Aqua,MODIS,46,61.03,296,10,D,0
-2.0195,105.6481,313.2,1.6,1.3,2023-07-27,0631,Aqua,MODIS,65,61.03,296,10.3,D,0
-1.9913,105.519,319.3,1.7,1.3,2023-07-27,0631,Aqua,MODIS,74,61.03,296,22.6,D,0
-1.9934,105.5044,357.1,1.7,1.3,2023-07-27,0631,Aqua,MODIS,98,61.03,297.6,152.4,D,0
-1.931,105.7014,312.5,1.6,1.2,2023-07-27,0631,Aqua,MODIS,59,61.03,293.4,9.9,D,0
-1.934,105.5997,341.5,1.6,1.3,2023-07-27,0631,Aqua,MODIS,91,61.03,297.1,78.2,D,0
-1.936,105.5853,316.5,1.6,1.3,2023-07-27,0631,Aqua,MODIS,70,61.03,296.8,14.3,D,0
-1.9168,105.6413,323.3,1.6,1.3,2023-07-27,0631,Aqua,MODIS,79,61.03,296.4,28,D,0
-1.9188,105.6269,315.7,1.6,1.3,2023-07-27,0631,Aqua,MODIS,69,61.03,296.5,13.2,D,0
-1.9172,105.6359,328.2,1.6,1.3,2023-07-27,0631,Aqua,MODIS,83,61.03,296.6,37.1,D,0
-1.8817,105.6455,312.7,1.6,1.2,2023-07-27,0631,Aqua,MODIS,36,61.03,294.8,11.1,D,0
-2.8464,108.2028,300.4,2.1,1.4,2023-07-27,1516,Terra,MODIS,27,61.03,281.7,10.3,N,0
-2.8455,108.197,300.1,2.1,1.4,2023-07-27,1516,Terra,MODIS,16,61.03,281.9,10.6,N,0
-2.687,105.9932,311.7,3,1.7,2023-07-29,0617,Aqua,MODIS,51,61.03,287.7,40.6,D,0
-2.6864,105.986,314.6,3,1.7,2023-07-29,0617,Aqua,MODIS,61,61.03,288,52.7,D,0
-1.9748000000000001,105.6507,335.4,3.1,1.7,2023-07-29,0617,Aqua,MODIS,82,61.03,290,162.2,D,0
-1.9755,105.644,329.4,3.1,1.7,2023-07-29,0617,Aqua,MODIS,78,61.03,290.5,123.2,D,0
-1.9204,105.5453,317.2,1.1,1.1,2023-07-30,0659,Aqua,MODIS,67,61.03,296.9,8.7,D,0
-1.8977,105.635,323,1.1,1.1,2023-07-30,0659,Aqua,MODIS,70,61.03,299.2,16.1,D,0
-1.9334,105.1939,331.6,1.1,1,2023-07-30,0659,Aqua,MODIS,84,61.03,299.3,26,D,0
-1.8411,105.6893,326.4,1.2,1.1,2023-07-30,0659,Aqua,MODIS,79,61.03,299.4,19.1,D,0
-1.8356,105.6923,318.4,1.2,1.1,2023-07-30,0659,Aqua,MODIS,69,61.03,298.9,10.9,D,0
-1.8371,105.682,319.7,1.2,1.1,2023-07-30,0659,Aqua,MODIS,71,61.03,298.8,12.3,D,0
-1.6988,105.804,318.4,1.2,1.1,2023-07-30,0659,Aqua,MODIS,69,61.03,300.6,10.3,D,0
-2.5373,106.0965,316.8,1.2,1.1,2023-07-30,0659,Aqua,MODIS,68,61.03,299.5,10.2,D,0
-2.4745,106.0266,315.9,1.2,1.1,2023-07-30,0659,Aqua,MODIS,65,61.03,298.2,9,D,0
-2.4533,105.97,318.8,1.2,1.1,2023-07-30,0659,Aqua,MODIS,70,61.03,298.7,11.9,D,0
-2.2774,106.115,315.8,1.2,1.1,2023-07-30,0659,Aqua,MODIS,64,61.03,296.8,9.3,D,0
-2.3063,105.8511,341.5,1.2,1.1,2023-07-30,0659,Aqua,MODIS,91,61.03,299.9,47.9,D,0
-2.3079,105.8408,317.5,1.2,1.1,2023-07-30,0659,Aqua,MODIS,59,61.03,297.8,9.1,D,0
-2.2212,105.8753,328.6,1.2,1.1,2023-07-30,0659,Aqua,MODIS,81,61.03,297.3,24.7,D,0
-2.1931,105.9994,324,1.2,1.1,2023-07-30,0659,Aqua,MODIS,77,61.03,295.5,19.9,D,0
-2.2101,105.8843,316.3,1.2,1.1,2023-07-30,0659,Aqua,MODIS,41,61.03,297.1,8.4,D,0
-2.2116,105.8739,350.7,1.2,1.1,2023-07-30,0659,Aqua,MODIS,95,61.03,296.7,71.6,D,0
-2.1013,105.9255,327.1,1.2,1.1,2023-07-30,0659,Aqua,MODIS,80,61.03,298.9,22.7,D,0
-2.0917,105.9241,326.7,1.2,1.1,2023-07-30,0659,Aqua,MODIS,79,61.03,297.1,22.5,D,0
-1.9694,105.7033,328.3,1.2,1.1,2023-07-30,0659,Aqua,MODIS,76,61.03,299.1,22.3,D,0
-1.9599,105.7019,348.9,1.2,1.1,2023-07-30,0659,Aqua,MODIS,95,61.03,295.4,63.3,D,0
-1.8915,105.8127,311.9,1.2,1.1,2023-07-30,0659,Aqua,MODIS,48,61.03,294.4,5.4,D,0
-1.8914,105.7849,316.4,1.1,1,2023-08-01,0305,Terra,MODIS,69,61.03,295.2,10.8,D,0
-2.0149,105.7349,322.3,1,1,2023-08-01,0644,Aqua,MODIS,70,61.03,292.9,16.1,D,0
-2.7564,106.5925,320.7,1,1,2023-08-01,0644,Aqua,MODIS,64,61.03,295.7,13.1,D,0
-2.7019,106.1458,317,1,1,2023-08-01,0644,Aqua,MODIS,63,61.03,290.8,9.8,D,0
-2.5708,106.0924,375.8,1,1,2023-08-01,0644,Aqua,MODIS,100,61.03,299,135.4,D,0
-2.5722,106.0832,316.9,1,1,2023-08-01,0644,Aqua,MODIS,63,61.03,296,8,D,0
-2.2468,106.0399,328,1,1,2023-08-01,0644,Aqua,MODIS,81,61.03,298.1,20.5,D,0
-2.1232,105.9415,319.8,1,1,2023-08-01,0644,Aqua,MODIS,71,61.03,296.1,11.8,D,0
-2.0719,105.3396,321.4,1.1,1,2023-08-01,0644,Aqua,MODIS,74,61.03,296.9,13.1,D,0
-1.9676,105.5501,327.4,1.1,1,2023-08-01,0644,Aqua,MODIS,80,61.03,296.7,20.9,D,0
-1.9689,105.5407,321.3,1.1,1,2023-08-01,0644,Aqua,MODIS,74,61.03,295.9,13.9,D,0
-1.8847,105.7379,314.2,1,1,2023-08-01,0644,Aqua,MODIS,41,61.03,297,6,D,0
-1.8793,105.6558,321.4,1.1,1,2023-08-01,0644,Aqua,MODIS,74,61.03,294.6,13.9,D,0
-1.8806,105.6465,317.5,1.1,1,2023-08-01,0644,Aqua,MODIS,60,61.03,297.4,9.8,D,0
-1.9427,105.2206,320.5,1.1,1,2023-08-01,0644,Aqua,MODIS,44,61.03,299.2,10.8,D,0
-1.9334,105.2192,323.2,1.1,1,2023-08-01,0644,Aqua,MODIS,71,61.03,297.6,14.1,D,0
-1.7933,105.6718,342.7,1,1,2023-08-01,0644,Aqua,MODIS,91,61.03,297.4,43.3,D,0
-1.6614,106.0111,315,1,1,2023-08-01,0644,Aqua,MODIS,38,61.03,298.1,5.3,D,0
-3.0503,107.9348,311.9,1.3,1.1,2023-08-03,0630,Aqua,MODIS,51,61.03,294.7,6.9,D,0
-2.7731,106.3838,308.2,1.6,1.2,2023-08-03,0630,Aqua,MODIS,37,61.03,290.5,10.3,D,0
-2.3994,106.1916,318.4,1.6,1.2,2023-08-03,0630,Aqua,MODIS,75,61.03,294.6,18.8,D,0
-2.0038,105.6302,314.3,1.9,1.3,2023-08-04,0712,Aqua,MODIS,44,61.03,294.6,12.8,D,0
-2.0063,105.6135,313.9,1.9,1.3,2023-08-04,0712,Aqua,MODIS,38,61.03,294.6,11.9,D,0
-1.9873,105.3713,316.7,1.8,1.3,2023-08-04,0712,Aqua,MODIS,65,61.03,293.7,17.9,D,0
-2.7648,106.3689,307.1,1.1,1,2023-08-05,1452,Terra,MODIS,69,61.03,294.1,7.2,N,0
-1.9778,105.6125,326.8,1.1,1,2023-08-06,0657,Aqua,MODIS,69,61.03,294.1,21.2,D,0
-2.1559,106.0192,320.8,1.1,1.1,2023-08-06,0657,Aqua,MODIS,73,61.03,298.6,12.5,D,0
-2.1574,106.0092,321,1.1,1.1,2023-08-06,0657,Aqua,MODIS,73,61.03,297.9,13.1,D,0
-2.0093,105.8935,340.7,1.1,1.1,2023-08-06,0657,Aqua,MODIS,78,61.03,294.3,45.8,D,0
-1.9665,105.6902,324.6,1.1,1,2023-08-06,0657,Aqua,MODIS,77,61.03,294.4,17.9,D,0
-1.9679,105.6805,324.2,1.1,1,2023-08-06,0657,Aqua,MODIS,77,61.03,293.2,17.5,D,0
-1.9578,105.6195,313.1,1.1,1,2023-08-06,0657,Aqua,MODIS,54,61.03,292.2,7.4,D,0
-3.0738,106.71,314.1,1,1,2023-08-08,0257,Terra,MODIS,51,61.03,295.5,6.9,D,0
-3.079,106.7065,318.6,1,1,2023-08-08,0643,Aqua,MODIS,0,61.03,296.6,10.5,D,0
-2.972,106.8695,318.3,1,1,2023-08-08,0643,Aqua,MODIS,70,61.03,297.1,10.1,D,0
-2.9733,106.8605,316.4,1,1,2023-08-08,0643,Aqua,MODIS,67,61.03,297.1,8.4,D,0
-2.6775,107.8231,310.3,1,1,2023-08-08,0643,Aqua,MODIS,26,61.03,293.2,5,D,0
-2.8497,106.4396,321.2,1,1,2023-08-08,0643,Aqua,MODIS,76,61.03,297.8,12.8,D,0
-2.851,106.4304,314.2,1,1,2023-08-08,0643,Aqua,MODIS,65,61.03,297,6.2,D,0
-2.5871,106.4121,316.1,1,1,2023-08-08,0643,Aqua,MODIS,68,61.03,298.5,5.4,D,0
-2.0602,105.7858,314,1.1,1,2023-08-08,0643,Aqua,MODIS,55,61.03,295.9,7.9,D,0
-2.944,107.7689,319.9,1.4,1.2,2023-08-10,0628,Aqua,MODIS,74,61.03,296.1,19.4,D,0
-2.9358,107.7747,327.3,1.4,1.2,2023-08-10,0628,Aqua,MODIS,81,61.03,294.9,30.7,D,0
-2.8006,106.1592,316.2,1.8,1.3,2023-08-10,0628,Aqua,MODIS,39,61.03,296.7,16.1,D,0
-2.791,106.1687,315.4,1.8,1.3,2023-08-10,0628,Aqua,MODIS,67,61.03,296.3,15.7,D,0
-2.7933,106.153,315.7,1.8,1.3,2023-08-10,0628,Aqua,MODIS,66,61.03,296.4,16.9,D,0
-2.6216,106.2959,321.8,1.7,1.3,2023-08-10,0628,Aqua,MODIS,76,61.03,297,28.2,D,0
-2.6237,106.2807,321.6,1.7,1.3,2023-08-10,0628,Aqua,MODIS,75,61.03,296.2,28.1,D,0
-2.0407,105.95,317.2,1.8,1.3,2023-08-10,0628,Aqua,MODIS,72,61.03,296.7,18.9,D,0
-2.043,105.9341,317,1.8,1.3,2023-08-10,0628,Aqua,MODIS,71,61.03,297,18.8,D,0
-1.921,105.7568,315.5,1.8,1.3,2023-08-10,0628,Aqua,MODIS,69,61.03,297.8,17.1,D,0
-1.8901,105.6346,318.7,1.9,1.3,2023-08-10,0629,Aqua,MODIS,74,61.03,296.2,22.4,D,0
-1.7601,105.6431,319.9,1.9,1.3,2023-08-10,0629,Aqua,MODIS,72,61.03,297.3,25.1,D,0
-1.7667,105.639,320.4,1.9,1.3,2023-08-10,0629,Aqua,MODIS,77,61.03,296.7,27.8,D,0
-2.5925,106.0937,333.4,1.9,1.3,2023-08-11,0710,Aqua,MODIS,64,61.03,280.6,79.6,D,0
-2.1108,105.8681,330.7,1.8,1.3,2023-08-11,0710,Aqua,MODIS,81,61.03,295,48.5,D,0
-1.9618,105.7751,313.9,1.8,1.3,2023-08-11,0710,Aqua,MODIS,37,61.03,296.9,11.9,D,0
-1.9275,105.541,333.1,1.7,1.3,2023-08-11,0710,Aqua,MODIS,85,61.03,299.1,53.4,D,0
-1.867,105.5733,315.2,1.7,1.3,2023-08-11,0710,Aqua,MODIS,36,61.03,297,13.1,D,0
-1.8276,105.4435,323.8,1.7,1.3,2023-08-11,0710,Aqua,MODIS,76,61.03,299.1,28.5,D,0
-1.7405,105.5633,317.8,1.7,1.3,2023-08-11,0710,Aqua,MODIS,56,61.03,296.9,17,D,0
-2.03,105.6179,315.5,3.7,1.8,2023-08-12,0614,Aqua,MODIS,64,61.03,294,55.5,D,0
-1.7776,105.5364,311.4,3.8,1.8,2023-08-12,0614,Aqua,MODIS,36,61.03,292.7,30.6,D,0
-1.7694,105.5276,313.6,3.8,1.8,2023-08-12,0614,Aqua,MODIS,59,61.03,292.3,45,D,0
-3.0184,107.9535,328,1.3,1.1,2023-08-13,0655,Aqua,MODIS,81,61.03,296.6,30.2,D,0
-2.8047,107.9513,321.8,1.4,1.2,2023-08-13,0655,Aqua,MODIS,74,61.03,297.9,20.4,D,0
-2.8065,107.9393,318.8,1.4,1.2,2023-08-13,0655,Aqua,MODIS,70,61.03,296.9,16.3,D,0
-1.9514,105.5251,313.5,1,1,2023-08-13,0656,Aqua,MODIS,52,61.03,296.2,5.9,D,0
-2.1129,105.8767,323.6,1.1,1,2023-08-13,0656,Aqua,MODIS,52,61.03,292.5,18.6,D,0
-2.082,105.7661,313.6,1.1,1,2023-08-13,0656,Aqua,MODIS,55,61.03,292.6,7,D,0
-2.0196,105.7504,360.9,1.1,1,2023-08-13,0656,Aqua,MODIS,100,61.03,298.7,89.1,D,0
-2.021,105.741,315.8,1.1,1,2023-08-13,0656,Aqua,MODIS,64,61.03,297.3,7.3,D,0
-2.0085,105.634,321.1,1.1,1,2023-08-13,0656,Aqua,MODIS,73,61.03,291.1,13.2,D,0
-1.9784,105.6487,313.6,1.1,1,2023-08-13,0656,Aqua,MODIS,57,61.03,292.5,5.8,D,0
-2.0216,105.3531,336.7,1,1,2023-08-13,0656,Aqua,MODIS,88,61.03,295.4,33.8,D,0
-1.9528,105.5158,312.2,1,1,2023-08-13,0656,Aqua,MODIS,40,61.03,295.3,5,D,0
-1.9188,105.5582,335.2,1,1,2023-08-13,0656,Aqua,MODIS,87,61.03,294.6,30.8,D,0
-1.9201,105.5489,337.1,1,1,2023-08-13,0656,Aqua,MODIS,88,61.03,294.2,34.5,D,0
-1.9215,105.5396,311.8,1,1,2023-08-13,0656,Aqua,MODIS,27,61.03,292.4,4.6,D,0
-1.9472,105.2992,311.2,1,1,2023-08-13,0656,Aqua,MODIS,28,61.03,288,3.7,D,0
-1.7911,105.4233,313.1,1,1,2023-08-13,0656,Aqua,MODIS,54,61.03,295.1,5.1,D,0
-1.7245,105.4986,326.4,1,1,2023-08-13,0656,Aqua,MODIS,79,61.03,294.8,18.8,D,0
-1.6505,105.4338,323.1,1,1,2023-08-13,0656,Aqua,MODIS,75,61.03,300.8,11.9,D,0
-2.4025,106.1595,315.4,1.1,1.1,2023-08-15,0248,Terra,MODIS,59,61.03,290,10.7,D,0
-2.5342,106.2135,314.8,1.1,1,2023-08-15,0641,Aqua,MODIS,54,61.03,295,7.2,D,0
-2.5356,106.2039,327.4,1.1,1,2023-08-15,0641,Aqua,MODIS,81,61.03,297.2,21.7,D,0
-2.1692,105.8194,327.3,1.1,1.1,2023-08-15,0641,Aqua,MODIS,80,61.03,295.7,24.2,D,0
-2.0838,105.7697,317.1,1.1,1.1,2023-08-15,0641,Aqua,MODIS,67,61.03,291.7,13.1,D,0
-2.0343,105.4119,319.5,1.2,1.1,2023-08-15,0641,Aqua,MODIS,73,61.03,293.9,12.7,D,0
-2.0358,105.4015,322.3,1.2,1.1,2023-08-15,0641,Aqua,MODIS,77,61.03,295.4,16.4,D,0
-1.9737,105.5618,319.1,1.2,1.1,2023-08-15,0641,Aqua,MODIS,73,61.03,290.5,13.8,D,0
-1.8815,105.3991,317.7,1.2,1.1,2023-08-15,0641,Aqua,MODIS,56,61.03,295.8,11.6,D,0
-1.6434,106.0044,320.4,1.1,1,2023-08-15,0641,Aqua,MODIS,69,61.03,298.3,12.3,D,0
-2.9864,107.8139,319.7,1,1,2023-08-15,0641,Aqua,MODIS,72,61.03,297,11.6,D,0
-2.7933,106.5338,363.8,1.1,1,2023-08-15,0641,Aqua,MODIS,100,61.03,282.5,104.4,D,0
-2.7029,106.1205,346.4,1.1,1.1,2023-08-15,0641,Aqua,MODIS,94,61.03,296.9,54.8,D,0
-2.7043,106.1106,321.4,1.1,1.1,2023-08-15,0641,Aqua,MODIS,52,61.03,298,12.9,D,0
-2.7183,106.0117,359.7,1.1,1.1,2023-08-15,0641,Aqua,MODIS,99,61.03,299.6,93.2,D,0
-2.6968,106.124,318.4,1.1,1,2023-08-15,0641,Aqua,MODIS,71,61.03,295.5,10.9,D,0
-2.6982,106.1142,322.8,1.1,1.1,2023-08-15,0641,Aqua,MODIS,76,61.03,297.1,16.1,D,0
-2.7126,106.0154,338,1.1,1.1,2023-08-15,0641,Aqua,MODIS,89,61.03,298.4,40,D,0
-2.714,106.0055,331.6,1.1,1.1,2023-08-15,0641,Aqua,MODIS,84,61.03,298.9,28.5,D,0
-2.7075,105.9843,318.3,1.1,1.1,2023-08-15,0641,Aqua,MODIS,71,61.03,297.9,11.4,D,0
-2.8252,108.0221,328.1,1.4,1.2,2023-08-17,0627,Aqua,MODIS,81,61.03,298,32,D,0
-2.8286,108.03,313.5,1.4,1.2,2023-08-17,0627,Aqua,MODIS,46,61.03,296.3,9.3,D,0
-2.8304,108.0174,316.5,1.4,1.2,2023-08-17,0627,Aqua,MODIS,66,61.03,297.1,13.2,D,0
-2.6594,106.1721,310.3,1.9,1.4,2023-08-17,0627,Aqua,MODIS,46,61.03,290.3,11,D,0
-2.6618,106.1551,311.1,1.9,1.4,2023-08-17,0627,Aqua,MODIS,48,61.03,291.9,13.3,D,0
-2.6185,106.0719,314.2,2,1.4,2023-08-17,0627,Aqua,MODIS,55,61.03,293,18.5,D,0
-1.9297,105.3123,316.3,2.2,1.4,2023-08-17,0627,Aqua,MODIS,70,61.03,294.1,24.9,D,0
-1.9305,105.3073,316.9,2.2,1.4,2023-08-17,0627,Aqua,MODIS,70,61.03,294.4,26.5,D,0
-2.9085,107.7994,305,1.6,1.3,2023-08-19,1434,Terra,MODIS,62,61.03,292.3,9.4,N,0
-2.9105,107.7849,305.3,1.6,1.3,2023-08-19,1434,Terra,MODIS,64,61.03,292.6,9.7,N,0
-2.6783,106.4336,312.2,2.1,1.4,2023-08-19,1434,Terra,MODIS,84,61.03,290.9,27.5,N,0
-2.5842,106.4939,329.5,1,1,2023-08-20,0256,Terra,MODIS,82,61.03,297.5,20.9,D,0
-2.8221,108.0095,316.2,1.1,1,2023-08-20,0256,Terra,MODIS,66,61.03,297.4,9.4,D,0
-2.8235,108.0192,317.7,1.1,1,2023-08-20,0256,Terra,MODIS,69,61.03,298.8,11.1,D,0
-2.831,107.6907,315.8,1.1,1,2023-08-20,0256,Terra,MODIS,64,61.03,298,8.7,D,0
-1.8339,106.0231,315.1,1,1,2023-08-20,0256,Terra,MODIS,60,61.03,296.6,5.3,D,0
-2.8135,106.3883,318.1,1.1,1,2023-08-20,0654,Aqua,MODIS,63,61.03,296,10.2,D,0
-2.8277,106.1651,320.9,1,1,2023-08-20,0654,Aqua,MODIS,72,61.03,298.2,10.5,D,0
-2.8291,106.1558,345.9,1,1,2023-08-20,0654,Aqua,MODIS,93,61.03,299.4,48.2,D,0
-2.6952,106.3203,315.9,1.1,1,2023-08-20,0654,Aqua,MODIS,38,61.03,296.7,6.5,D,0
-2.6229,106.1793,321.6,1,1,2023-08-20,0654,Aqua,MODIS,55,61.03,292.3,14.1,D,0
-2.5963,106.0434,327.3,1,1,2023-08-20,0654,Aqua,MODIS,79,61.03,297.3,18.5,D,0
-1.884,105.5592,326.1,1,1,2023-08-20,0654,Aqua,MODIS,79,61.03,295.5,15.3,D,0
-1.8827,105.5682,339.7,1,1,2023-08-20,0654,Aqua,MODIS,89,61.03,295.9,34.8,D,0
-1.9046,105.5437,315.6,1,1,2023-08-20,0654,Aqua,MODIS,62,61.03,297.3,5.3,D,0
-1.9033,105.5528,316.4,1,1,2023-08-20,0654,Aqua,MODIS,61,61.03,297.3,5.9,D,0
-1.9031,105.6173,324.4,1,1,2023-08-20,0654,Aqua,MODIS,61,61.03,295,14.4,D,0
-1.9005,105.6354,324,1,1,2023-08-20,0654,Aqua,MODIS,76,61.03,292.1,14.2,D,0
-1.8992,105.6445,331.4,1,1,2023-08-20,0654,Aqua,MODIS,83,61.03,291.9,24.4,D,0
-3.0474,108.0319,319.5,1,1,2023-08-22,0639,Aqua,MODIS,71,61.03,299.2,10.2,D,0
-3.0208,107.7094,324.5,1,1,2023-08-22,0639,Aqua,MODIS,70,61.03,294,16,D,0
-2.8266,106.5081,321.7,1.1,1.1,2023-08-22,0639,Aqua,MODIS,69,61.03,305.5,11.2,D,0
-2.8384,106.2936,313.1,1.2,1.1,2023-08-22,0639,Aqua,MODIS,57,61.03,293.5,10.1,D,0
-2.8001,106.1517,317.1,1.2,1.1,2023-08-22,0639,Aqua,MODIS,68,61.03,299.8,8.6,D,0
-2.6566,106.4106,314.5,1.1,1.1,2023-08-22,0639,Aqua,MODIS,49,61.03,294.9,6.1,D,0
-2.2951,106.0957,314.2,1.2,1.1,2023-08-22,0640,Aqua,MODIS,60,61.03,299,6.1,D,0
-1.9958,105.8904,314.5,1.2,1.1,2023-08-22,0640,Aqua,MODIS,63,61.03,296.7,7.9,D,0
-2.012,105.8663,321.9,1.2,1.1,2023-08-22,0640,Aqua,MODIS,75,61.03,298.7,15.7,D,0
-2.0105,105.8767,322.3,1.2,1.1,2023-08-22,0640,Aqua,MODIS,76,61.03,298.9,15.8,D,0
-2.2078,105.8526,343.4,1.2,1.1,2023-08-22,0640,Aqua,MODIS,92,61.03,298.6,56.1,D,0
-2.2063,105.8632,345.7,1.2,1.1,2023-08-22,0640,Aqua,MODIS,93,61.03,299,61.1,D,0
-3.0131,106.7005,304.2,1,1,2023-08-22,1459,Terra,MODIS,27,61.03,293.9,3.6,N,0
-3.022,106.7018,310.8,1,1,2023-08-22,1459,Terra,MODIS,81,61.03,294.8,7.9,N,0
-1.6433,105.554,314.2,2.3,1.5,2023-08-24,0625,Aqua,MODIS,57,61.03,291,22.1,D,0
-1.7765,105.9539,304.5,1.5,1.2,2023-08-24,1442,Terra,MODIS,60,61.03,291.6,8.2,N,0
-2.9569,106.8248,318.5,1.2,1.1,2023-08-25,0304,Terra,MODIS,75,61.03,284.5,18.6,D,0
-2.9585,106.8355,321.3,1.2,1.1,2023-08-25,0304,Terra,MODIS,78,61.03,283.4,22.6,D,0
-2.8891,106.3647,324.2,1,1,2023-08-27,0652,Aqua,MODIS,77,61.03,299.7,15,D,0
-2.8904,106.3556,319.4,1,1,2023-08-27,0652,Aqua,MODIS,70,61.03,299.4,9.9,D,0
-2.888,106.3026,317.1,1,1,2023-08-27,0652,Aqua,MODIS,50,61.03,299.2,8,D,0
-2.8893,106.2935,315.9,1,1,2023-08-27,0652,Aqua,MODIS,48,61.03,298.5,6.6,D,0
-1.5681,105.9702,305.3,1.1,1,2023-08-27,1507,Terra,MODIS,28,61.03,294.8,4.8,N,0
-2.2903,106.1224,320.6,1.2,1.1,2023-08-29,0638,Aqua,MODIS,73,61.03,295.7,14.9,D,0
-2.2902,106.1167,316.6,1.2,1.1,2023-08-29,0638,Aqua,MODIS,35,61.03,296.1,9.3,D,0
-2.7272,105.9927,327,1.3,1.1,2023-08-29,0638,Aqua,MODIS,80,61.03,296.7,27.7,D,0
-2.7289,105.9814,315.3,1.3,1.1,2023-08-29,0638,Aqua,MODIS,64,61.03,296.9,11.1,D,0
-2.6275,106.6201,321.7,1.2,1.1,2023-08-29,0638,Aqua,MODIS,74,61.03,299.8,13.7,D,0
-2.8275,107.925,327.2,1,1,2023-08-29,0638,Aqua,MODIS,79,61.03,303,18.5,D,0
-2.7981,107.7406,325,1.1,1,2023-08-29,0638,Aqua,MODIS,77,61.03,302,15.4,D,0
-2.837,106.1579,316.5,1.3,1.1,2023-08-29,0638,Aqua,MODIS,67,61.03,298.8,9.2,D,0
-2.8357,106.1634,315,1.3,1.1,2023-08-29,0638,Aqua,MODIS,62,61.03,299,7.1,D,0
-2.8108,106.1258,315.3,1.3,1.1,2023-08-29,0638,Aqua,MODIS,63,61.03,298.1,9.5,D,0
-2.6371000000000002,106.6215,317.1,1.2,1.1,2023-08-29,0638,Aqua,MODIS,53,61.03,300.2,7.4,D,0
-1.9734,105.266,308.6,1.3,1.1,2023-08-29,1450,Terra,MODIS,75,61.03,282.5,12.3,N,0
-1.8649,105.7657,303.8,1.4,1.2,2023-09-01,1514,Terra,MODIS,57,61.03,293.5,6.3,N,0
-1.8632,105.778,309.6,1.4,1.2,2023-09-01,1514,Terra,MODIS,78,61.03,294,12.1,N,0
-2.559,106.1641,319.5,1,1,2023-09-03,0650,Aqua,MODIS,62,61.03,302.1,7.7,D,0
-2.5603,106.1552,327.9,1,1,2023-09-03,0650,Aqua,MODIS,79,61.03,302.7,16.6,D,0
-3.0501,108.166,323.7,1.1,1.1,2023-09-03,0650,Aqua,MODIS,67,61.03,301.9,12.7,D,0
-2.8906,107.0593,315.7,1,1,2023-09-03,0650,Aqua,MODIS,51,61.03,300.9,7.2,D,0
-2.7145,107.7642,330.8,1.1,1,2023-09-03,0650,Aqua,MODIS,82,61.03,300.7,25.1,D,0
-2.8018,106.4636,319.4,1,1,2023-09-03,0650,Aqua,MODIS,68,61.03,298.4,8.9,D,0
-2.8493,106.1348,316.7,1,1,2023-09-03,0650,Aqua,MODIS,26,61.03,302.7,5.5,D,0
-2.8391,106.1423,317,1,1,2023-09-03,0650,Aqua,MODIS,38,61.03,302.9,5.5,D,0
-2.8404,106.1335,325.9,1,1,2023-09-03,0650,Aqua,MODIS,69,61.03,302.4,14.9,D,0
-2.8263,106.1676,323.8,1,1,2023-09-03,0650,Aqua,MODIS,75,61.03,304.2,11.9,D,0
-2.79,106.0291,315.5,1,1,2023-09-03,0650,Aqua,MODIS,43,61.03,300.6,7.2,D,0
-2.7051,105.9206,326.2,1,1,2023-09-03,0650,Aqua,MODIS,0,61.03,302.5,15.7,D,0
-2.6706,106.0332,327.8,1,1,2023-09-03,0650,Aqua,MODIS,79,61.03,302.9,17,D,0
-2.6719,106.0243,323,1,1,2023-09-03,0650,Aqua,MODIS,73,61.03,302.5,11.7,D,0
-1.7425,105.8279,317.1,1,1,2023-09-03,0651,Aqua,MODIS,44,61.03,297.6,6.2,D,0
-1.9069,105.2596,321.1,1,1,2023-09-03,0651,Aqua,MODIS,51,61.03,303.4,8.1,D,0
-2.165,105.8324,333.5,1,1,2023-09-03,0651,Aqua,MODIS,84,61.03,296.6,26.7,D,0
-2.1637,105.8413,319,1,1,2023-09-03,0651,Aqua,MODIS,66,61.03,299.5,9.4,D,0
-2.6302,107.818,305.8,1.1,1,2023-09-03,1458,Terra,MODIS,37,61.03,294.1,6,N,0
-2.5602,106.7503,304.9,1,1,2023-09-03,1458,Terra,MODIS,45,61.03,294.7,5.2,N,0
-1.7153,105.8772,309.2,1,1,2023-09-03,1458,Terra,MODIS,74,61.03,295,7.5,N,0
-3.1269,108.1723,317.4,1.1,1,2023-09-05,0636,Aqua,MODIS,64,61.03,299,8.9,D,0
-2.8307,107.7307,319.7,1.1,1.1,2023-09-05,0636,Aqua,MODIS,71,61.03,301.2,9.7,D,0
-2.8321,107.7208,319.8,1.1,1.1,2023-09-05,0636,Aqua,MODIS,71,61.03,299.7,9.6,D,0
-2.7958,106.5253,322.8,1.3,1.1,2023-09-05,0636,Aqua,MODIS,76,61.03,293.2,19.3,D,0
-2.7799,106.1283,346.4,1.4,1.2,2023-09-05,0636,Aqua,MODIS,94,61.03,296.1,76,D,0
-2.6755,106.5834,316.2,1.3,1.1,2023-09-05,0636,Aqua,MODIS,62,61.03,293.8,10.6,D,0
-2.7185,106.0644,316.9,1.4,1.2,2023-09-05,0636,Aqua,MODIS,71,61.03,296.4,13.3,D,0
-1.9254,105.333,311.2,1.5,1.2,2023-09-05,0636,Aqua,MODIS,63,61.03,274.9,16,D,0
-1.9905,105.2157,314.2,1,1,2023-09-06,0303,Terra,MODIS,64,61.03,293.5,5.1,D,0
-2.5939,106.4092,307,1.1,1.1,2023-09-08,1505,Terra,MODIS,66,61.03,293.8,6.6,N,0
-3.0149,107.7502,314.7,1.3,1.1,2023-09-08,1505,Terra,MODIS,86,61.03,293.8,17.2,N,0
-3.0566,107.6044,322.6,1.3,1.1,2023-09-08,1505,Terra,MODIS,100,61.03,294.9,26.4,N,0
-1.8706,105.9329,318.2,1.1,1,2023-09-08,1506,Terra,MODIS,96,61.03,293.8,15.8,N,0
-1.8692,105.9425,312.2,1.1,1,2023-09-08,1506,Terra,MODIS,83,61.03,293.7,10.2,N,0
-2.5536,106.1915,308.6,3,1.7,2023-09-09,0327,Terra,MODIS,36,61.03,289.7,25.4,D,0
-3.0684,107.6027,310.8,4,1.9,2023-09-09,0607,Aqua,MODIS,0,61.03,292.1,43.2,D,0
-2.959,106.894,317.7,1,1,2023-09-10,0648,Aqua,MODIS,51,61.03,298.3,7.8,D,0
-2.9603,106.8851,323.9,1,1,2023-09-10,0648,Aqua,MODIS,76,61.03,298,14.2,D,0
-2.8939,106.5102,318.4,1,1,2023-09-10,0648,Aqua,MODIS,63,61.03,301.5,8.5,D,0
-2.9043,106.3758,320.3,1,1,2023-09-10,0648,Aqua,MODIS,71,61.03,299.4,9.4,D,0
-2.6125,108.067,311.8,1.1,1,2023-09-10,0648,Aqua,MODIS,44,61.03,295.7,4.9,D,0
-2.8014,106.3914,313.5,1,1,2023-09-10,0648,Aqua,MODIS,35,61.03,296.4,6.3,D,0
-2.7472,106.2501,318.1,1,1,2023-09-10,0648,Aqua,MODIS,67,61.03,299.7,7.2,D,0
-2.6314,106.4811,327.9,1,1,2023-09-10,0648,Aqua,MODIS,80,61.03,298.5,18.2,D,0
-2.6738,106.1248,363.7,1,1,2023-09-10,0648,Aqua,MODIS,100,61.03,300.1,88.8,D,0
-2.6751,106.1159,373.5,1,1,2023-09-10,0648,Aqua,MODIS,100,61.03,301,120.9,D,0
-2.683,105.9348,315.8,1,1,2023-09-10,0648,Aqua,MODIS,45,61.03,296.5,5.8,D,0
-2.6843,105.9258,323.6,1,1,2023-09-10,0648,Aqua,MODIS,75,61.03,297.5,13.3,D,0
-2.5843,106.4924,318.4,1,1,2023-09-10,0648,Aqua,MODIS,66,61.03,300.7,6,D,0
-2.5856,106.4835,322,1,1,2023-09-10,0648,Aqua,MODIS,73,61.03,301.2,9.7,D,0
-2.5607,106.3919,319.1,1,1,2023-09-10,0648,Aqua,MODIS,53,61.03,298.9,9.1,D,0
-2.5609,106.2018,317.1,1,1,2023-09-10,0648,Aqua,MODIS,63,61.03,298.6,5.6,D,0
-2.3923,106.156,322.7,1,1,2023-09-10,0648,Aqua,MODIS,74,61.03,296.1,13.6,D,0
-1.9536,106.0712,321.5,1,1,2023-09-10,0649,Aqua,MODIS,73,61.03,300.2,8.7,D,0
-2.7429,106.1448,305.5,1.2,1.1,2023-09-10,1449,Terra,MODIS,65,61.03,294.1,6.1,N,0
-3.1787,107.6662,313.3,1.9,1.3,2023-09-11,0311,Terra,MODIS,57,61.03,294,12.9,D,0
-1.8624,105.9702,309.9,2.3,1.5,2023-09-12,1433,Terra,MODIS,79,61.03,292.1,26.7,N,0
-1.8647,105.9652,306.6,2.3,1.5,2023-09-12,1433,Terra,MODIS,69,61.03,292.1,19.3,N,0
-2.2546,106.2176,319.4,1,1,2023-09-13,0254,Terra,MODIS,0,61.03,300.9,8.2,D,0
-2.6043,107.8006,317.2,1.1,1,2023-09-13,0254,Terra,MODIS,67,61.03,298.1,7.7,D,0
-2.7806,108.0018,340.7,1.1,1,2023-09-13,0254,Terra,MODIS,90,61.03,301.4,41.2,D,0
-2.7819,108.0112,321.7,1.1,1,2023-09-13,0254,Terra,MODIS,72,61.03,300.4,13.4,D,0
-2.6115,106.706,317.9,1,1,2023-09-13,0254,Terra,MODIS,63,61.03,301.2,6.4,D,0
-2.8309,106.5234,317.5,2.4,1.5,2023-09-13,0715,Aqua,MODIS,33,61.03,297.4,25.4,D,0
-2.6418,106.266,304.2,1.4,1.2,2023-09-13,1513,Terra,MODIS,58,61.03,291.7,8.4,N,0
-2.6437,106.2533,305.6,1.4,1.2,2023-09-13,1513,Terra,MODIS,65,61.03,291,9.8,N,0
-2.6671,107.7225,320,2.2,1.4,2023-09-14,0619,Aqua,MODIS,74,61.03,298.1,31.4,D,0
-2.1747,105.8118,313.7,3,1.7,2023-09-14,0619,Aqua,MODIS,45,61.03,290.2,34.7,D,0
-2.1756,105.8189,310.4,3,1.7,2023-09-14,0619,Aqua,MODIS,25,61.03,290.6,21.4,D,0
-2.9758,107.6186,315.7,1.5,1.2,2023-09-15,0701,Aqua,MODIS,60,61.03,295.8,8.2,D,0
-2.9104,106.5604,317.5,1.3,1.1,2023-09-15,0701,Aqua,MODIS,58,61.03,300.3,10.1,D,0
-2.9121,106.5492,317.9,1.3,1.1,2023-09-15,0701,Aqua,MODIS,53,61.03,300.9,9.7,D,0
-2.9267,106.3813,321.1,1.2,1.1,2023-09-15,0701,Aqua,MODIS,69,61.03,301.9,11.7,D,0
-2.9021,106.4114,344.9,1.2,1.1,2023-09-15,0701,Aqua,MODIS,92,61.03,302.9,59.3,D,0
-2.6882,106.0639,322.2,1.2,1.1,2023-09-15,0701,Aqua,MODIS,71,61.03,300.8,12.8,D,0
-2.4799,106.4319,332.6,1.3,1.1,2023-09-15,0701,Aqua,MODIS,63,61.03,299,29.6,D,0
-2.5026,106.2769,325.7,1.2,1.1,2023-09-15,0701,Aqua,MODIS,75,61.03,303,15.1,D,0
-2.4356,106.2379,323.1,1.2,1.1,2023-09-15,0701,Aqua,MODIS,63,61.03,304.2,11.2,D,0
-2.4045,106.2444,322.2,1.2,1.1,2023-09-15,0701,Aqua,MODIS,62,61.03,302.5,10.1,D,0
-1.9792,105.3089,316.5,1.1,1.1,2023-09-15,0701,Aqua,MODIS,63,61.03,289.5,10.9,D,0
-1.7742,105.5845,321.2,1.2,1.1,2023-09-15,0701,Aqua,MODIS,61,61.03,299.3,12.7,D,0
-1.7757,105.5743,330.3,1.2,1.1,2023-09-15,0701,Aqua,MODIS,71,61.03,295.4,26.8,D,0
-1.581,105.5126,321.1,1.2,1.1,2023-09-15,0701,Aqua,MODIS,64,61.03,302.9,10.3,D,0
-2.7215,106.5973,311.3,1,1,2023-09-15,1456,Terra,MODIS,81,61.03,294.7,8,N,0
-1.849,105.7338,307.3,1,1,2023-09-15,1457,Terra,MODIS,66,61.03,293.2,6.1,N,0
-2.107,105.3691,310.9,1.7,1.3,2023-09-16,0318,Terra,MODIS,47,61.03,292.1,12.2,D,0
-2.3495,106.2409,320.2,1,1,2023-09-17,0646,Aqua,MODIS,61,61.03,298.6,9,D,0
-2.7241,106.3818,303.1,2.1,1.4,2023-09-18,1521,Terra,MODIS,53,61.03,289.8,10.5,N,0
-3.1305,107.743,313.7,1.3,1.1,2023-09-19,0632,Aqua,MODIS,56,61.03,293.6,8.3,D,0
-2.4531,106.2769,320.2,1.6,1.2,2023-09-19,0632,Aqua,MODIS,71,61.03,297.3,16.3,D,0
-2.9069,106.805,314.4,1.1,1.1,2023-09-20,1504,Terra,MODIS,88,61.03,295.2,12.8,N,0
-2.9054,106.815,312.1,1.1,1.1,2023-09-20,1504,Terra,MODIS,83,61.03,295,10.7,N,0
-2.0084,105.223,307.3,1,1,2023-09-20,1504,Terra,MODIS,69,61.03,293.5,6,N,0
-2.5882,106.5923,314.8,1.1,1.1,2023-09-20,1504,Terra,MODIS,89,61.03,295.1,12.6,N,0
-1.6971,105.8006,311.9,1.1,1,2023-09-20,1504,Terra,MODIS,82,61.03,293.8,9.7,N,0
-1.6958,105.8099,319.6,1.1,1,2023-09-20,1504,Terra,MODIS,99,61.03,294.3,16.8,N,0
-2.3345,106.1333,320.1,2.9,1.6,2023-09-21,0326,Terra,MODIS,75,61.03,294.4,58.6,D,0
-2.3371,105.9319,315.5,3.3,1.7,2023-09-21,0617,Aqua,MODIS,53,61.03,292.5,50.5,D,0
-2.523,106.2082,305.7,1.1,1.1,2023-09-21,1839,Aqua,MODIS,65,61.03,287.1,8.3,N,0
-2.2999,106.1059,321.4,1.1,1.1,2023-09-22,0659,Aqua,MODIS,74,61.03,285.3,16.9,D,0
-2.3854,106.1557,314.9,1.1,1.1,2023-09-22,0659,Aqua,MODIS,56,61.03,294.9,6.8,D,0
-2.4762,106.2263,325.4,1.1,1.1,2023-09-22,0659,Aqua,MODIS,76,61.03,300.1,15.9,D,0
-2.7274,107.9235,304.5,1,1,2023-09-22,1447,Terra,MODIS,57,61.03,293.6,4.9,N,0
-2.8267,107.675,304.2,1,1,2023-09-22,1447,Terra,MODIS,54,61.03,293.8,4.6,N,0
-2.8255,107.6842,307.8,1,1,2023-09-22,1447,Terra,MODIS,70,61.03,293.8,6.9,N,0
-2.6415,106.6132,309.7,1.1,1.1,2023-09-22,1448,Terra,MODIS,78,61.03,294,8.8,N,0
-2.6429,106.6032,305.7,1.1,1.1,2023-09-22,1448,Terra,MODIS,65,61.03,293.6,5.7,N,0
-3.1008,108.1316,327.1,1,1,2023-09-24,0644,Aqua,MODIS,61,61.03,298.9,16.5,D,0
-3.1021,108.1227,325.4,1,1,2023-09-24,0644,Aqua,MODIS,59,61.03,298.1,15.6,D,0
-3.0677,108.1086,317.3,1,1,2023-09-24,0644,Aqua,MODIS,68,61.03,297,7.9,D,0
-2.9563,107.9228,324.2,1,1,2023-09-24,0644,Aqua,MODIS,77,61.03,279.7,19.6,D,0
-2.8132,107.953,316.4,1,1,2023-09-24,0644,Aqua,MODIS,69,61.03,293.4,8.9,D,0
-2.099,105.8171,330.4,1.1,1,2023-09-24,0644,Aqua,MODIS,79,61.03,289.4,26.6,D,0
-2.1097,105.8087,348.7,1.1,1,2023-09-24,0644,Aqua,MODIS,95,61.03,292.1,60.7,D,0
-2.1083,105.8184,358.6,1.1,1,2023-09-24,0644,Aqua,MODIS,99,61.03,298.1,86.2,D,0
-2.1041,106.0438,312.5,1.1,1,2023-09-24,0644,Aqua,MODIS,30,61.03,294.2,4.4,D,0
-2.1596,105.9007,322.9,1.1,1,2023-09-24,0644,Aqua,MODIS,76,61.03,296.1,13.4,D,0
-2.4551,106.2791,327.7,1.1,1,2023-09-24,0644,Aqua,MODIS,80,61.03,299.1,18.1,D,0
-2.6867,105.9439,331.5,1.1,1,2023-09-24,0644,Aqua,MODIS,83,61.03,302.2,24.4,D,0
-2.6853,105.9536,322,1.1,1,2023-09-24,0644,Aqua,MODIS,74,61.03,302.4,12,D,0
-2.6688,106.0697,320.4,1.1,1,2023-09-24,0644,Aqua,MODIS,71,61.03,300.9,10.3,D,0
-2.9194,106.3867,318.2,1.1,1,2023-09-24,0644,Aqua,MODIS,69,61.03,301.6,7,D,0
-2.918,106.3961,323.5,1.1,1,2023-09-24,0644,Aqua,MODIS,76,61.03,302.1,12.9,D,0
-2.9007,106.5178,318.8,1.1,1,2023-09-24,0644,Aqua,MODIS,58,61.03,300.3,9.3,D,0
-2.8994,106.5271,320.1,1,1,2023-09-24,0644,Aqua,MODIS,72,61.03,299.7,10.9,D,0
-2.727,107.9167,309,1,1,2023-09-24,0644,Aqua,MODIS,32,61.03,273.7,6.5,D,0
-2.7257,107.9256,331.4,1,1,2023-09-24,0644,Aqua,MODIS,85,61.03,276.2,28.7,D,0
-2.703,107.7436,305.8,1.8,1.3,2023-09-24,1431,Terra,MODIS,66,61.03,292.4,13.7,N,0
-2.6156,107.9519,310,1.7,1.3,2023-09-24,1431,Terra,MODIS,79,61.03,292.6,19.1,N,0
-2.2694,106.1915,317.1,1,1,2023-09-25,0253,Terra,MODIS,51,61.03,299.4,6.6,D,0
-2.1031,105.8165,322.2,1,1,2023-09-25,0253,Terra,MODIS,74,61.03,301.3,12.2,D,0
-2.6642,106.442,315.8,1,1,2023-09-25,0253,Terra,MODIS,48,61.03,295.9,5.3,D,0
-2.4213,105.9238,303.7,1.3,1.1,2023-09-25,1512,Terra,MODIS,53,61.03,293.5,5.9,N,0
-2.4196,105.9355,333.9,1.3,1.1,2023-09-25,1512,Terra,MODIS,100,61.03,294.1,49.7,N,0
-2.8484,106.5189,321,1.7,1.3,2023-09-26,0629,Aqua,MODIS,46,61.03,300.5,20.5,D,0
-2.7655,106.523,321.7,1.7,1.3,2023-09-26,0629,Aqua,MODIS,72,61.03,298.4,23.8,D,0
-2.8114,106.189,317,1.9,1.3,2023-09-26,0629,Aqua,MODIS,59,61.03,297.7,14,D,0
-2.8137,106.1725,316.2,1.9,1.3,2023-09-26,0629,Aqua,MODIS,43,61.03,297.9,13,D,0
-2.7668,106.5337,321,1.7,1.3,2023-09-26,0629,Aqua,MODIS,74,61.03,297.7,24.9,D,0
-2.5832,107.7202,313.3,1.4,1.2,2023-09-26,0629,Aqua,MODIS,28,61.03,296.7,6.3,D,0
-2.8057,106.1831,320.7,1.9,1.3,2023-09-26,0629,Aqua,MODIS,74,61.03,297.8,24,D,0
-2.69,106.6621,323.9,1.7,1.3,2023-09-26,0629,Aqua,MODIS,0,61.03,298.7,27.2,D,0
-2.0993,105.4471,319.2,2.1,1.4,2023-09-26,0630,Aqua,MODIS,0,61.03,298.3,29.2,D,0
-2.1016,105.4542,318.5,2.1,1.4,2023-09-26,0630,Aqua,MODIS,0,61.03,298.2,26.3,D,0
-2.1032,105.7963,329.8,1.9,1.4,2023-09-26,0630,Aqua,MODIS,83,61.03,289.6,60.8,D,0
-2.1008,105.8133,335.5,1.9,1.4,2023-09-26,0630,Aqua,MODIS,87,61.03,285.6,80.8,D,0
-2.4261,106.2698,328.6,1.8,1.3,2023-09-26,0630,Aqua,MODIS,81,61.03,292.8,46.2,D,0
-2.4351,106.2599,321.3,1.8,1.3,2023-09-26,0630,Aqua,MODIS,54,61.03,293.5,31.1,D,0
-2.4329,106.2759,325.1,1.8,1.3,2023-09-26,0630,Aqua,MODIS,57,61.03,291.9,40.2,D,0
-2.4387,106.2773,330.8,1.8,1.3,2023-09-27,0711,Aqua,MODIS,80,61.03,304.5,39.7,D,0
-2.4411,106.2612,325.4,1.8,1.3,2023-09-27,0711,Aqua,MODIS,69,61.03,303.1,23.4,D,0
-2.4176,106.2576,327.4,1.8,1.3,2023-09-27,0711,Aqua,MODIS,76,61.03,303,30.4,D,0
-2.4236,106.2528,328.1,1.8,1.3,2023-09-27,0711,Aqua,MODIS,77,61.03,303.8,32.9,D,0
-2.0934,105.4542,318.9,1.6,1.2,2023-09-27,0711,Aqua,MODIS,50,61.03,300.7,16.3,D,0
-1.5712,105.4859,328.1,1.6,1.3,2023-09-27,0711,Aqua,MODIS,59,61.03,300.6,33.5,D,0
-2.4176,106.262,307.5,1,1,2023-09-27,1455,Terra,MODIS,70,61.03,294.2,6.6,N,0
-2.4354,106.2645,324.7,1,1,2023-09-27,1455,Terra,MODIS,100,61.03,294.6,21.2,N,0
-2.5835,106.5868,307.9,1,1,2023-09-27,1455,Terra,MODIS,71,61.03,295.4,5.7,N,0
-2.5822,106.5957,308.7,1,1,2023-09-27,1455,Terra,MODIS,74,61.03,295.7,6.2,N,0
-2.727,106.294,308.3,1,1,2023-09-27,1455,Terra,MODIS,74,61.03,293.6,7.4,N,0
-2.8904,106.3683,315.3,1,1,2023-09-27,1455,Terra,MODIS,91,61.03,294.5,12.2,N,0
-2.4081,105.8742,337.5,1.8,1.3,2023-09-28,0317,Terra,MODIS,66,61.03,297.7,81.5,D,0
-2.0807,105.8402,321.3,1.8,1.3,2023-09-28,0317,Terra,MODIS,69,61.03,300.2,23.7,D,0
-2.0846,105.8454,317.9,1.8,1.3,2023-09-28,0317,Terra,MODIS,67,61.03,299.5,17.1,D,0
-2.4462,106.2579,316.1,3.6,1.8,2023-09-28,0615,Aqua,MODIS,47,61.03,294.2,33.7,D,0
-2.4521,106.2517,315.8,3.6,1.8,2023-09-28,0615,Aqua,MODIS,49,61.03,294.6,34.5,D,0
-2.0303,105.9724,313.5,3.7,1.8,2023-09-28,0615,Aqua,MODIS,58,61.03,295.8,30.1,D,0
-2.438,106.2397,306,1.2,1.1,2023-09-28,1837,Aqua,MODIS,40,61.03,291.7,8.1,N,0
-2.9333,106.376,316,1.1,1,2023-09-29,0656,Aqua,MODIS,22,61.03,297,5.3,D,0
-2.8536,106.1665,321.1,1.1,1,2023-09-29,0656,Aqua,MODIS,65,61.03,300.4,8.4,D,0
-2.855,106.1572,320.1,1.1,1,2023-09-29,0656,Aqua,MODIS,55,61.03,300.4,7.2,D,0
-2.7712,105.9681,317.8,1,1,2023-09-29,0656,Aqua,MODIS,19,61.03,299.8,7.6,D,0
-2.6726,106.0801,332.8,1,1,2023-09-29,0656,Aqua,MODIS,83,61.03,299.5,24.1,D,0
-2.5955,106.1003,329.5,1.1,1,2023-09-29,0656,Aqua,MODIS,79,61.03,298.2,21.6,D,0
-2.8975,106.5658,305.2,1.6,1.2,2023-09-29,1438,Terra,MODIS,63,61.03,292.3,9.6,N,0
-2.6794,106.3158,307.3,1.6,1.3,2023-09-29,1438,Terra,MODIS,71,61.03,291.3,13.3,N,0
-2.14,106.0108,321.3,1,1,2023-09-30,0300,Terra,MODIS,71,61.03,298.5,11.1,D,0
-2.3072,105.9563,315.9,1,1,2023-09-30,0300,Terra,MODIS,51,61.03,296.4,7.2,D,0
-2.98,108.0433,311.6,1.3,1.1,2023-09-30,0300,Terra,MODIS,39,61.03,292.1,8.6,D,0
-3.1048,108.0559,312.1,1.3,1.1,2023-09-30,0300,Terra,MODIS,52,61.03,290.9,8.9,D,0
-3.1175,108.054,322.3,1,1,2023-10-01,0641,Aqua,MODIS,67,61.03,300.8,10.3,D,0
-2.872,106.31,326.1,1.1,1.1,2023-10-01,0642,Aqua,MODIS,80,61.03,295.9,21.1,D,0
-2.5445,107.8153,314.1,1,1,2023-10-01,0642,Aqua,MODIS,39,61.03,289,6.5,D,0
-2.5458,107.8063,334.4,1,1,2023-10-01,0642,Aqua,MODIS,75,61.03,295.3,29.5,D,0
-2.9929,108.0301,317.5,1,1,2023-10-01,0642,Aqua,MODIS,46,61.03,300,6.6,D,0
-3.0136,107.8867,321.1,1,1,2023-10-01,0642,Aqua,MODIS,68,61.03,301.9,9.5,D,0
-2.9827,108.0377,316.8,1,1,2023-10-01,0642,Aqua,MODIS,44,61.03,299.8,5.9,D,0
-2.9227,107.683,319.6,1,1,2023-10-01,0642,Aqua,MODIS,66,61.03,302,7.4,D,0
-2.8646,107.7058,321.1,1,1,2023-10-01,0642,Aqua,MODIS,65,61.03,297.8,10.3,D,0
-2.9805,108.0705,324.8,1,1,2023-10-02,0244,Terra,MODIS,78,61.03,296.7,15,D,0
-2.9894,108.0693,326.5,1,1,2023-10-02,0244,Terra,MODIS,80,61.03,296.1,16.5,D,0
-1.7259,106.0306,319.3,2.1,1.4,2023-10-03,0627,Aqua,MODIS,73,61.03,284.7,31.1,D,0
-1.7285,106.0123,312,2.1,1.4,2023-10-03,0627,Aqua,MODIS,53,61.03,284.5,14,D,0
-1.7365,106.0253,327.1,2.1,1.4,2023-10-03,0627,Aqua,MODIS,80,61.03,285.3,54.4,D,0
-2.7002,106.1589,304.7,1.2,1.1,2023-10-04,1446,Terra,MODIS,56,61.03,294.2,5.4,N,0
-2.6987,106.1698,341.6,1.2,1.1,2023-10-04,1446,Terra,MODIS,100,61.03,295.2,60.4,N,0
-2.6857,106.408,305.9,1.2,1.1,2023-10-04,1446,Terra,MODIS,62,61.03,294.4,6.1,N,0
-2.8829,106.2407,306.9,1.2,1.1,2023-10-04,1446,Terra,MODIS,67,61.03,293.9,8.1,N,0
-2.4901,106.4219,304.5,1.2,1.1,2023-10-04,1446,Terra,MODIS,53,61.03,294.3,4.7,N,0
-1.7167,105.8087,310,1.3,1.1,2023-10-04,1446,Terra,MODIS,76,61.03,294,10,N,0
-1.7147,105.814,304.3,1.3,1.1,2023-10-04,1446,Terra,MODIS,48,61.03,293.9,4.7,N,0
-1.7179,105.8083,318.3,1.2,1.1,2023-10-05,0307,Terra,MODIS,69,61.03,299.6,9.7,D,0
-2.3009,106.1011,315.6,1.3,1.1,2023-10-05,0307,Terra,MODIS,23,61.03,296.9,7.2,D,0
-2.7211,106.1615,311.8,4.2,1.9,2023-10-05,0612,Aqua,MODIS,51,61.03,292.3,35.8,D,0
-2.8157,108.0637,304.1,1.1,1,2023-10-05,1834,Aqua,MODIS,57,61.03,292.5,5.2,N,0
-2.9811,108.1228,311.1,1.1,1,2023-10-05,1834,Aqua,MODIS,82,61.03,293.8,9.7,N,0
-2.8325,106.2936,322.4,1,1,2023-10-06,0654,Aqua,MODIS,71,61.03,299.9,11,D,0
-2.8953,106.3028,321.5,1,1,2023-10-06,0654,Aqua,MODIS,66,61.03,299.6,10.2,D,0
-2.9395,106.5752,313.5,1,1,2023-10-06,0654,Aqua,MODIS,32,61.03,293.8,5.4,D,0
-2.9154,107.5492,319.4,1.1,1.1,2023-10-06,0654,Aqua,MODIS,0,61.03,298.3,11.2,D,0
-2.822,106.1764,323.8,1,1,2023-10-06,0654,Aqua,MODIS,73,61.03,304.6,9.4,D,0
-2.1562,106.0632,327.7,1,1,2023-10-06,0654,Aqua,MODIS,81,61.03,301.4,14.6,D,0
-2.1549,106.0722,323.4,1,1,2023-10-06,0654,Aqua,MODIS,74,61.03,301.3,8.9,D,0
-2.6332,106.0815,321.6,1,1,2023-10-06,0654,Aqua,MODIS,69,61.03,301.4,10,D,0
-2.7106,106.0529,324,1,1,2023-10-06,0654,Aqua,MODIS,73,61.03,301,12.7,D,0
-2.7503,105.9676,325.1,1,1,2023-10-06,0654,Aqua,MODIS,71,61.03,300.5,14.7,D,0
-2.7592,105.9689,322.3,1,1,2023-10-06,0654,Aqua,MODIS,71,61.03,300.7,12.1,D,0
-2.758,105.9778,317.4,1,1,2023-10-06,0654,Aqua,MODIS,46,61.03,300.1,7.4,D,0
-2.7606,106.1582,327.2,1,1,2023-10-06,0654,Aqua,MODIS,78,61.03,302.1,14.9,D,0
-2.4602,106.0817,306.2,2.5,1.5,2023-10-06,1429,Terra,MODIS,67,61.03,294.3,21.1,N,0
-2.4814,106.1667,318.4,1,1,2023-10-07,0251,Terra,MODIS,64,61.03,296.7,6.9,D,0
-2.9983,106.8596,321.2,1,1,2023-10-07,0251,Terra,MODIS,53,61.03,300.4,10.7,D,0
-1.6262,105.6174,319.6,1.1,1,2023-10-07,0251,Terra,MODIS,63,61.03,301.9,8.3,D,0
-2.0081,105.4517,317.4,1.1,1,2023-10-07,0251,Terra,MODIS,61,61.03,300.2,7.3,D,0
-2.7359,106.4874,304.5,1.4,1.2,2023-10-07,1510,Terra,MODIS,60,61.03,294.2,7.2,N,0
-2.6886,105.9695,304.9,1.3,1.1,2023-10-07,1510,Terra,MODIS,60,61.03,294,6.6,N,0
-2.6902,105.9583,305.2,1.3,1.1,2023-10-07,1510,Terra,MODIS,61,61.03,294,6.9,N,0
-1.7261,105.8378,312.7,1.3,1.1,2023-10-07,1510,Terra,MODIS,85,61.03,295.8,13.6,N,0
-1.7264,105.8316,307.1,1.3,1.1,2023-10-07,1510,Terra,MODIS,70,61.03,295.7,8.5,N,0
-2.8452,108.0878,315.1,1,1,2023-10-08,0639,Aqua,MODIS,57,61.03,297.5,6.7,D,0
-2.8295,106.4686,320.6,1.2,1.1,2023-10-08,0639,Aqua,MODIS,68,61.03,301.9,9.7,D,0
-2.7638,106.5801,319.3,1.2,1.1,2023-10-08,0639,Aqua,MODIS,69,61.03,297.3,14,D,0
-3.1017,107.9092,320.7,1.1,1,2023-10-08,0639,Aqua,MODIS,35,61.03,300.6,10.8,D,0
-3.0414,107.9388,318.3,1.1,1,2023-10-08,0639,Aqua,MODIS,58,61.03,298.3,10.2,D,0
-2.994,108.206,323.2,1,1,2023-10-08,0639,Aqua,MODIS,0,61.03,302.2,11.1,D,0
-2.9849,108.2047,334.2,1,1,2023-10-08,0639,Aqua,MODIS,75,61.03,300.6,24.4,D,0
-2.7564,107.8306,300,1,1,2023-10-09,1453,Terra,MODIS,9,61.03,283.2,3.7,N,0
-2.7576,107.8217,300.1,1,1,2023-10-09,1453,Terra,MODIS,13,61.03,283.1,3.7,N,0
-3.0572,106.5991,317.3,2,1.4,2023-10-10,0315,Terra,MODIS,57,61.03,293.9,23.5,D,0
-3.0158,106.854,314.6,2.2,1.4,2023-10-10,0624,Aqua,MODIS,0,61.03,293.6,15.7,D,0
-1.549,105.9082,336.8,1.4,1.2,2023-10-11,0706,Aqua,MODIS,76,61.03,300.5,43.5,D,0
-2.8977,106.5269,332.9,1.4,1.2,2023-10-11,0706,Aqua,MODIS,83,61.03,304,33,D,0
-2.8871000000000002,106.5253,324.4,1.4,1.2,2023-10-11,0706,Aqua,MODIS,52,61.03,303.1,16.1,D,0
-2.8062,106.119,320.3,1.4,1.2,2023-10-11,0706,Aqua,MODIS,52,61.03,298.8,13.7,D,0
-1.5508,105.896,324.4,1.4,1.2,2023-10-11,0706,Aqua,MODIS,77,61.03,300.3,16.8,D,0
-2.7264,106.3833,320,1.7,1.3,2023-10-11,1437,Terra,MODIS,99,61.03,292.8,35.4,N,0
-2.7285,106.3683,303.3,1.7,1.3,2023-10-11,1437,Terra,MODIS,54,61.03,292.6,7.9,N,0
-2.7281,106.3772,317.3,1.7,1.3,2023-10-11,1437,Terra,MODIS,95,61.03,292.8,29.7,N,0
-2.6319,106.3179,312.8,1.7,1.3,2023-10-11,1437,Terra,MODIS,86,61.03,293.7,20.8,N,0
-2.6316,106.3276,303.9,1.7,1.3,2023-10-11,1437,Terra,MODIS,58,61.03,293.5,8.4,N,0
-2.6337,106.3124,307.1,1.7,1.3,2023-10-11,1437,Terra,MODIS,70,61.03,293.6,12.8,N,0
-2.579,106.6198,307.1,1.6,1.3,2023-10-11,1437,Terra,MODIS,68,61.03,294.3,10.4,N,0
-2.581,106.6054,305.1,1.6,1.3,2023-10-11,1437,Terra,MODIS,60,61.03,294.2,8,N,0
-2.5757,106.3962,305.1,1.7,1.3,2023-10-11,1437,Terra,MODIS,63,61.03,293.5,9,N,0
-1.8419,105.397,326.3,1,1,2023-10-12,0258,Terra,MODIS,75,61.03,287.7,20.6,D,0
-2.5362,106.4959,316,1.1,1,2023-10-12,0258,Terra,MODIS,58,61.03,298.4,5.5,D,0
-2.4983,106.1061,322,1,1,2023-10-12,0258,Terra,MODIS,66,61.03,296.4,12.6,D,0
-2.4996,106.1152,323.5,1,1,2023-10-12,0258,Terra,MODIS,74,61.03,296.7,14.1,D,0
-2.5073,106.1049,318.7,1,1,2023-10-12,0258,Terra,MODIS,28,61.03,296.5,8.9,D,0
-2.5086,106.114,321.7,1,1,2023-10-12,0258,Terra,MODIS,55,61.03,297.6,11.9,D,0
-2.6898,106.3021,305.9,1.8,1.3,2023-10-12,1517,Terra,MODIS,65,61.03,293.5,13,N,0
-3.0236,106.6337,340.7,1,1,2023-10-13,0651,Aqua,MODIS,90,61.03,298.2,37.6,D,0
-3.0249,106.6249,342.5,1,1,2023-10-13,0651,Aqua,MODIS,91,61.03,297.5,40.9,D,0
-2.8133,108.0153,315.3,1.1,1,2023-10-13,0651,Aqua,MODIS,28,61.03,290.6,11.1,D,0
-3.0243,106.4913,315.9,1,1,2023-10-13,0651,Aqua,MODIS,50,61.03,297.6,4.9,D,0
-2.9049,106.4954,324.6,1,1,2023-10-13,0651,Aqua,MODIS,61,61.03,305.3,10.2,D,0
-2.8908,106.5295,325.1,1,1,2023-10-13,0651,Aqua,MODIS,58,61.03,309.1,10.9,D,0
-2.8782,106.4915,322.8,1,1,2023-10-13,0651,Aqua,MODIS,37,61.03,305.9,7.9,D,0
-2.8782,106.4281,317.4,1,1,2023-10-13,0651,Aqua,MODIS,59,61.03,301,7.4,D,0
-2.8795,106.4192,315.5,1,1,2023-10-13,0651,Aqua,MODIS,45,61.03,300.5,6.2,D,0
-2.8366,106.5151,324.5,1,1,2023-10-13,0651,Aqua,MODIS,36,61.03,301.8,10,D,0
-2.8329,106.4149,327.7,1,1,2023-10-13,0651,Aqua,MODIS,78,61.03,303.5,16.4,D,0
-2.5935,107.6807,336.4,1.1,1,2023-10-13,0651,Aqua,MODIS,88,61.03,307.4,27.4,D,0
-2.8205,106.1235,375.7,1,1,2023-10-13,0651,Aqua,MODIS,100,61.03,309.4,125.3,D,0
-2.8217,106.1146,355.9,1,1,2023-10-13,0651,Aqua,MODIS,98,61.03,306.1,64.9,D,0
-2.5856,107.6834,323.4,1.1,1,2023-10-13,0651,Aqua,MODIS,76,61.03,307.3,11,D,0
-2.587,107.674,322.5,1.1,1,2023-10-13,0651,Aqua,MODIS,70,61.03,307.4,10.1,D,0
-2.8106,106.1254,323.8,1,1,2023-10-13,0651,Aqua,MODIS,54,61.03,307.7,12,D,0
-2.8119,106.1165,327.7,1,1,2023-10-13,0651,Aqua,MODIS,59,61.03,307.2,17.5,D,0
-2.8221,106.0455,317.3,1,1,2023-10-13,0651,Aqua,MODIS,42,61.03,302.8,8.7,D,0
-2.8017,106.1241,378.9,1,1,2023-10-13,0651,Aqua,MODIS,100,61.03,306,139.1,D,0
-2.803,106.1152,381.6,1,1,2023-10-13,0651,Aqua,MODIS,100,61.03,307.6,151.2,D,0
-2.6943,106.5521,323.6,1,1,2023-10-13,0651,Aqua,MODIS,72,61.03,302.8,12.1,D,0
-2.7315,106.2949,348.5,1,1,2023-10-13,0651,Aqua,MODIS,94,61.03,306.8,48.4,D,0
-2.7328,106.2861,322.5,1,1,2023-10-13,0651,Aqua,MODIS,70,61.03,304.5,9.2,D,0
-2.7738,106.0022,316.5,1,1,2023-10-13,0651,Aqua,MODIS,52,61.03,302.4,6.7,D,0
-2.6404,106.2208,396.2,1,1,2023-10-13,0651,Aqua,MODIS,100,61.03,304.9,220.2,D,0
-2.6417,106.212,380.1,1,1,2023-10-13,0651,Aqua,MODIS,100,61.03,306.2,142.6,D,0
-2.6341,106.1385,324.8,1,1,2023-10-13,0651,Aqua,MODIS,72,61.03,302.7,13.3,D,0
-2.5399,106.4086,329.7,1,1,2023-10-13,0651,Aqua,MODIS,70,61.03,311.2,14.3,D,0
-2.4275,106.1629,319.7,1,1,2023-10-13,0651,Aqua,MODIS,64,61.03,303.5,7.4,D,0
-2.2195,106.1385,322.1,1,1,2023-10-13,0651,Aqua,MODIS,69,61.03,305,7.7,D,0
-2.1235,105.8464,320.6,1,1,2023-10-13,0651,Aqua,MODIS,41,61.03,299.3,9.8,D,0
-2.0765,106.0421,321.3,1,1,2023-10-13,0651,Aqua,MODIS,64,61.03,305.4,7.4,D,0
-2.0794,105.4449,334.2,1,1,2023-10-13,0651,Aqua,MODIS,64,61.03,303.8,24.7,D,0
-2.0807,105.4359,317.4,1,1,2023-10-13,0651,Aqua,MODIS,47,61.03,302.8,6.7,D,0
-2.0652,105.4795,326.5,1,1,2023-10-13,0651,Aqua,MODIS,67,61.03,302.6,15.2,D,0
-2.0665,105.4705,346.9,1,1,2023-10-13,0651,Aqua,MODIS,93,61.03,305.3,47.7,D,0
-2.0678,105.4615,324.7,1,1,2023-10-13,0651,Aqua,MODIS,75,61.03,304.3,13.1,D,0
-1.9689,105.322,317.7,1,1,2023-10-13,0651,Aqua,MODIS,63,61.03,302.9,7,D,0
-1.8078,105.4151,312.2,1,1,2023-10-13,0651,Aqua,MODIS,34,61.03,296.4,4.4,D,0
-1.5757,105.9383,322.8,1,1,2023-10-13,0651,Aqua,MODIS,76,61.03,307.3,10.2,D,0
-1.5668,105.937,341.2,1,1,2023-10-13,0651,Aqua,MODIS,85,61.03,306.3,34.2,D,0
-1.568,105.9281,333.1,1,1,2023-10-13,0651,Aqua,MODIS,85,61.03,306.3,21.8,D,0
-2.3026,106.0885,304,1,1,2023-10-14,1501,Terra,MODIS,56,61.03,292.5,4.9,N,0
-2.4315,106.1562,314.5,1,1,2023-10-14,1501,Terra,MODIS,89,61.03,281.7,13.6,N,0
-2.4302,106.1653,341.3,1,1,2023-10-14,1501,Terra,MODIS,100,61.03,282,48.5,N,0
-2.6883,105.9656,311.9,1,1,2023-10-14,1501,Terra,MODIS,84,61.03,289.6,10.5,N,0
-2.7065,106.0616,313.7,2.6,1.5,2023-10-15,0322,Terra,MODIS,66,61.03,294.2,25.2,D,0
-1.7459,106.0216,321.6,1.4,1.2,2023-10-15,0636,Aqua,MODIS,67,61.03,301.4,13.5,D,0
-1.9257,105.2396,340.8,1.6,1.3,2023-10-15,0636,Aqua,MODIS,90,61.03,298.6,71.8,D,0
-2.1785,105.8711,317.4,1.5,1.2,2023-10-15,0636,Aqua,MODIS,37,61.03,299.2,13.7,D,0
-2.9776,108.1377,318,1.8,1.3,2023-10-16,0225,Terra,MODIS,64,61.03,291.1,18.8,D,0
-2.98,108.1534,317.7,1.8,1.3,2023-10-16,0225,Terra,MODIS,64,61.03,290.2,19,D,0
-3.1108,107.6357,316.8,3,1.6,2023-10-16,0717,Aqua,MODIS,0,61.03,297.4,25.6,D,0
-3.1088,107.628,319.2,3,1.6,2023-10-16,0717,Aqua,MODIS,0,61.03,297.9,39.2,D,0
-2.7473,105.9632,321.4,2.2,1.4,2023-10-16,0718,Aqua,MODIS,63,61.03,298.6,35.2,D,0
-2.8396,107.7642,300.5,1.1,1,2023-10-16,1444,Terra,MODIS,30,61.03,286.3,3.9,N,0
-3.0822,107.6153,300.2,1.1,1,2023-10-16,1444,Terra,MODIS,12,61.03,287,3.2,N,0
-2.0487,105.4514,329.9,1.1,1.1,2023-10-17,0306,Terra,MODIS,82,61.03,298.2,24.5,D,0
-2.7882,105.9957,313.7,2.9,1.6,2023-10-17,0621,Aqua,MODIS,55,61.03,293.7,30.5,D,0
-2.7919,105.9699,314.7,2.9,1.6,2023-10-17,0621,Aqua,MODIS,0,61.03,294.2,32.6,D,0
-2.4158,106.2516,336.9,2.8,1.6,2023-10-17,0621,Aqua,MODIS,83,61.03,294.3,141.5,D,0
-2.4017,106.2496,317.1,2.8,1.6,2023-10-17,0621,Aqua,MODIS,36,61.03,293.9,37.7,D,0
-2.3553,106.1686,314,2.8,1.6,2023-10-17,0621,Aqua,MODIS,60,61.03,294,23.1,D,0
-2.405,106.2525,306.6,2.6,1.6,2023-10-17,1525,Terra,MODIS,69,61.03,290.4,22.7,N,0
-2.4031,106.2599,305.8,1,1,2023-10-17,1843,Aqua,MODIS,37,61.03,277.3,8.2,N,0
-2.6739,106.5935,307.6,1,1,2023-10-17,1843,Aqua,MODIS,70,61.03,287.7,8.3,N,0
-3.0457,108.0973,301.8,1,1,2023-10-17,1843,Aqua,MODIS,44,61.03,290.7,3.5,N,0
-2.4036,106.2526,308.5,1.3,1.1,2023-10-19,1508,Terra,MODIS,75,61.03,288.5,10.6,N,0
-2.6727,107.8633,305.4,1,1,2023-10-21,1451,Terra,MODIS,64,61.03,291.6,5.2,N,0
-1.8674,106.0413,317,1,1,2023-10-21,1452,Terra,MODIS,94,61.03,290.1,14.6,N,0
-3.2344,108.0125,315,2.5,1.5,2023-10-22,0313,Terra,MODIS,47,61.03,295.2,22.1,D,0
-2.9748,106.7757,322.9,2,1.4,2023-10-22,0313,Terra,MODIS,66,61.03,293.5,40,D,0
-2.9724,106.7585,325.4,1.9,1.4,2023-10-22,0313,Terra,MODIS,0,61.03,289.8,48,D,0
-2.5941,106.4146,312.5,1.8,1.3,2023-10-22,0313,Terra,MODIS,63,61.03,292.4,15.3,D,0
-2.968,106.7657,332.3,1.9,1.4,2023-10-22,0313,Terra,MODIS,81,61.03,292.2,67.9,D,0
-2.6855,105.9249,311,1.7,1.3,2023-10-22,0313,Terra,MODIS,27,61.03,280.7,15.3,D,0
-2.6968,105.9234,315.4,1.7,1.3,2023-10-22,0313,Terra,MODIS,0,61.03,278.8,24.1,D,0
-2.7151,106.4498,324,1.6,1.2,2023-10-22,0633,Aqua,MODIS,77,61.03,293.1,34.7,D,0
-2.7147,106.4445,325.2,1.6,1.2,2023-10-22,0633,Aqua,MODIS,48,61.03,292.9,33.4,D,0
-2.3397,106.1032,313.8,1.7,1.3,2023-10-22,0633,Aqua,MODIS,50,61.03,294.4,12.2,D,0
-2.933,108.0233,317.4,1.3,1.1,2023-10-22,0633,Aqua,MODIS,68,61.03,293,13.2,D,0
-2.9346,108.0123,315.2,1.3,1.1,2023-10-22,0633,Aqua,MODIS,63,61.03,293.3,10.6,D,0
-2.7936,106.4677,316.6,1.6,1.2,2023-10-22,0633,Aqua,MODIS,62,61.03,284.7,20.9,D,0
-2.4146,106.2838,324.1,1,1,2023-10-24,0256,Terra,MODIS,63,61.03,297.8,13.4,D,0
-2.737,106.6006,316.6,1,1,2023-10-24,0256,Terra,MODIS,52,61.03,297.8,7.2,D,0
-3.0369,106.6342,316,1,1,2023-10-24,0256,Terra,MODIS,57,61.03,298,7.4,D,0
-2.9434,106.4383,318.7,3.2,1.7,2023-10-24,0618,Aqua,MODIS,64,61.03,292.3,64.4,D,0
-2.9572,106.889,320.5,2.9,1.6,2023-10-24,0618,Aqua,MODIS,0,61.03,295,56.3,D,0
-2.42,106.2718,314.2,3.2,1.7,2023-10-24,0618,Aqua,MODIS,40,61.03,291.7,32.3,D,0
-2.5466,106.6664,314.3,3,1.7,2023-10-24,0618,Aqua,MODIS,0,61.03,293.6,27.3,D,0
-3.0073,106.6034,318,1.1,1.1,2023-10-25,0700,Aqua,MODIS,63,61.03,301,7.2,D,0
-3.0855,106.5323,328.6,1.1,1.1,2023-10-25,0700,Aqua,MODIS,60,61.03,301.7,20.3,D,0
-2.87,106.4164,321.5,1.1,1.1,2023-10-25,0700,Aqua,MODIS,70,61.03,299.8,13.2,D,0
-2.7844,106.0016,329.3,1.1,1,2023-10-25,0700,Aqua,MODIS,78,61.03,299.8,20,D,0
-2.7765,105.9907,323.8,1.1,1,2023-10-25,0700,Aqua,MODIS,52,61.03,299.4,13.2,D,0
-2.7779,105.9811,328.1,1.1,1,2023-10-25,0700,Aqua,MODIS,79,61.03,300.7,18.9,D,0
-2.6563,106.4853,345.6,1.1,1.1,2023-10-25,0700,Aqua,MODIS,92,61.03,300.4,53.1,D,0
-2.6578,106.4751,344,1.1,1.1,2023-10-25,0700,Aqua,MODIS,91,61.03,300.2,49.4,D,0
-2.6469,106.4838,323.2,1.1,1.1,2023-10-25,0700,Aqua,MODIS,73,61.03,299.2,15,D,0
-2.642,106.3542,324.7,1.1,1.1,2023-10-25,0700,Aqua,MODIS,75,61.03,298.1,18.8,D,0
-2.6434,106.3443,314.1,1.1,1.1,2023-10-25,0700,Aqua,MODIS,25,61.03,297.1,7.5,D,0
-2.1274,105.9607,328.7,1.1,1,2023-10-25,0700,Aqua,MODIS,0,61.03,291.3,27.8,D,0
-2.0708,106.1523,343.3,1.1,1.1,2023-10-25,0700,Aqua,MODIS,0,61.03,304.1,47.2,D,0
-2.0615,106.1509,335.2,1.1,1.1,2023-10-25,0700,Aqua,MODIS,0,61.03,301.8,32,D,0
-2.1291,105.3097,320.1,1,1,2023-10-25,0700,Aqua,MODIS,46,61.03,300.1,8.5,D,0
-2.112,105.3637,325.6,1,1,2023-10-25,0700,Aqua,MODIS,59,61.03,303.5,14.7,D,0
-2.1133,105.3545,319.7,1,1,2023-10-25,0700,Aqua,MODIS,54,61.03,301.1,7.8,D,0
-1.9846,106.0426,323.2,1.1,1,2023-10-25,0700,Aqua,MODIS,63,61.03,298.7,14.1,D,0
-2.9241,106.4821,319.8,1.1,1.1,2023-10-25,0700,Aqua,MODIS,67,61.03,300.7,10.3,D,0
-2.9436,106.5468,316.3,1.1,1.1,2023-10-25,0700,Aqua,MODIS,58,61.03,300,6,D,0
-3.0088,106.5932,325.7,1.1,1.1,2023-10-25,0700,Aqua,MODIS,76,61.03,301.6,16.8,D,0
-3.0903,106.5397,319.8,1.1,1.1,2023-10-25,0700,Aqua,MODIS,0,61.03,300.5,8.8,D,0
-3.0918,106.5296,321.6,1.1,1.1,2023-10-25,0700,Aqua,MODIS,53,61.03,300.9,11.3,D,0
-2.7596,106.4163,306.2,1,1,2023-10-26,1458,Terra,MODIS,67,61.03,292.9,5.8,N,0
-2.7583,106.4253,308.1,1,1,2023-10-26,1458,Terra,MODIS,73,61.03,293.5,7,N,0
-2.7342,106.597,301,1,1,2023-10-26,1458,Terra,MODIS,35,61.03,289,3,N,0
-2.8856,106.2394,313.2,1,1,2023-10-26,1458,Terra,MODIS,87,61.03,292.7,11.1,N,0
-2.8479,106.5084,304.8,1,1,2023-10-26,1458,Terra,MODIS,62,61.03,288.3,5.9,N,0
-2.9828,107.8969,308.9,1.1,1.1,2023-10-26,1458,Terra,MODIS,63,61.03,284.4,11,N,0
-2.9813,107.907,316.9,1.1,1.1,2023-10-26,1458,Terra,MODIS,92,61.03,284.7,18.7,N,0
-2.6791,106.4628,312.5,1,1,2023-10-26,1459,Terra,MODIS,85,61.03,294.7,9.6,N,0
-2.6381,106.3012,313.1,1,1,2023-10-26,1459,Terra,MODIS,86,61.03,295.1,10.3,N,0
-2.6368,106.3102,312.1,1,1,2023-10-26,1459,Terra,MODIS,84,61.03,295.2,9.3,N,0
-2.7817,105.998,338.6,1.1,1.1,2023-10-27,0645,Aqua,MODIS,89,61.03,287.1,43.2,D,0
-3.0887,108.0292,338,1,1,2023-10-27,0645,Aqua,MODIS,89,61.03,301.9,32.1,D,0
-3.0282,107.9323,343.8,1,1,2023-10-27,0645,Aqua,MODIS,92,61.03,300.1,43.2,D,0
-2.8893,108.2593,320.7,1,1,2023-10-27,0645,Aqua,MODIS,0,61.03,303.5,8.3,D,0
-2.8933,108.1061,317.9,1,1,2023-10-27,0645,Aqua,MODIS,41,61.03,300.1,7.5,D,0
-2.8495,107.8941,328,1,1,2023-10-27,0645,Aqua,MODIS,80,61.03,301.6,19.5,D,0
-2.8507,107.8853,323.4,1,1,2023-10-27,0645,Aqua,MODIS,75,61.03,301.7,14.4,D,0
-3.0225,106.5068,347.6,1.1,1,2023-10-27,0645,Aqua,MODIS,94,61.03,299.8,53.8,D,0
-3.0238,106.4973,317.3,1.1,1,2023-10-27,0645,Aqua,MODIS,62,61.03,297.1,6.7,D,0
-2.8165,107.7444,325.4,1,1,2023-10-27,0645,Aqua,MODIS,77,61.03,303.2,15.4,D,0
-2.8178,107.7355,320.5,1,1,2023-10-27,0645,Aqua,MODIS,67,61.03,302.5,10,D,0
-2.6566,107.9533,328.8,1,1,2023-10-27,0645,Aqua,MODIS,82,61.03,301.4,20,D,0
-2.6579,107.9445,324.4,1,1,2023-10-27,0645,Aqua,MODIS,77,61.03,301.3,14.7,D,0
-2.6825,107.6491,333.3,1,1,2023-10-27,0645,Aqua,MODIS,85,61.03,301.3,25.8,D,0
-2.5896,107.784,320.2,1,1,2023-10-27,0645,Aqua,MODIS,68,61.03,301.9,10.4,D,0
-2.7831,105.9881,349.3,1.1,1.1,2023-10-27,0645,Aqua,MODIS,95,61.03,289.6,66.8,D,0
-2.622,106.3371,326.3,1.1,1,2023-10-27,0645,Aqua,MODIS,75,61.03,301,16.9,D,0
-2.6148,106.3402,325.4,1.1,1,2023-10-27,0645,Aqua,MODIS,78,61.03,301.5,17.1,D,0
-2.6162,106.3306,318.5,1.1,1,2023-10-27,0645,Aqua,MODIS,51,61.03,301.6,9.3,D,0
-2.6,106.377,365.6,1.1,1,2023-10-27,0645,Aqua,MODIS,100,61.03,306.2,103.5,D,0
-2.6014,106.3675,325.9,1.1,1,2023-10-27,0645,Aqua,MODIS,78,61.03,304,16.8,D,0
-2.5743,106.4897,324.1,1.1,1,2023-10-27,0645,Aqua,MODIS,52,61.03,290.8,16.8,D,0
-2.6005,106.3087,325.8,1.1,1,2023-10-27,0645,Aqua,MODIS,76,61.03,299.9,17.7,D,0
-2.5913,106.3074,333.2,1.1,1,2023-10-27,0645,Aqua,MODIS,85,61.03,298,30.5,D,0
-2.5927,106.2978,317.6,1.1,1,2023-10-27,0645,Aqua,MODIS,52,61.03,296.2,11.4,D,0
-2.49,106.4322,317,1.1,1,2023-10-27,0645,Aqua,MODIS,31,61.03,297.4,5.3,D,0
-2.8483,106.2493,310.6,1.4,1.2,2023-10-28,1442,Terra,MODIS,80,61.03,292.8,14,N,0
-1.8863,105.8365,314.1,1.1,1.1,2023-10-29,0303,Terra,MODIS,58,61.03,296.7,7.5,D,0
-2.5567,106.0118,325.5,1.2,1.1,2023-10-29,0303,Terra,MODIS,77,61.03,297.7,21.8,D,0
-2.1001,105.899,322.1,2,1.4,2023-10-29,0630,Aqua,MODIS,77,61.03,297.7,38.3,D,0
-2.1072,105.9362,325.4,2,1.4,2023-10-29,0630,Aqua,MODIS,80,61.03,297.4,42.2,D,0
-2.1046,105.9538,328,2,1.4,2023-10-29,0630,Aqua,MODIS,82,61.03,296.7,51,D,0
-2.5894,106.3212,326.1,1.9,1.3,2023-10-29,0630,Aqua,MODIS,75,61.03,293.9,50.8,D,0
-2.5869,106.338,312,1.9,1.3,2023-10-29,0630,Aqua,MODIS,42,61.03,290.3,17.1,D,0
-2.7531,106.3734,315.7,1.9,1.3,2023-10-29,0630,Aqua,MODIS,60,61.03,296.6,17.3,D,0
-2.7163,106.4292,336.7,1,1,2023-11-01,0656,Aqua,MODIS,87,61.03,299.6,30,D,0
-2.3419,106.0878,315.7,1,1,2023-11-01,0656,Aqua,MODIS,64,61.03,298.5,4.8,D,0
-2.8168,106.4309,327.6,1,1,2023-11-01,0656,Aqua,MODIS,79,61.03,298.5,17.3,D,0
-2.8181,106.4217,320.8,1,1,2023-11-01,0656,Aqua,MODIS,69,61.03,300.7,9.7,D,0
-2.742,106.562,323,1.1,1,2023-11-01,0656,Aqua,MODIS,73,61.03,300.5,11.9,D,0
-2.7433,106.5527,342.4,1.1,1,2023-11-01,0656,Aqua,MODIS,91,61.03,301.7,40.8,D,0
-2.7637,106.4136,324.6,1,1,2023-11-01,0656,Aqua,MODIS,75,61.03,302.7,11.4,D,0
-2.7329,106.5606,338.3,1.1,1,2023-11-01,0656,Aqua,MODIS,88,61.03,301.6,32.2,D,0
-2.7342,106.5513,337.9,1.1,1,2023-11-01,0656,Aqua,MODIS,88,61.03,300.9,31.2,D,0
-2.7356,106.542,327.4,1.1,1,2023-11-01,0656,Aqua,MODIS,76,61.03,299,15.3,D,0
-2.7066,106.5605,323.2,1.1,1,2023-11-01,0656,Aqua,MODIS,71,61.03,301.2,11.1,D,0
-2.7079,106.5512,318,1.1,1,2023-11-01,0656,Aqua,MODIS,45,61.03,300.5,5.5,D,0
-2.6894,106.6152,322.4,1.1,1,2023-11-01,0656,Aqua,MODIS,62,61.03,302.4,8.5,D,0
-2.7109,106.4662,329.5,1,1,2023-11-01,0656,Aqua,MODIS,80,61.03,300,19.3,D,0
-2.995,106.7904,337.1,1.1,1,2023-11-01,0656,Aqua,MODIS,76,61.03,298.7,33,D,0
-2.9964,106.781,316.8,1.1,1,2023-11-01,0656,Aqua,MODIS,0,61.03,297,6.9,D,0
-2.9009,106.7991,314.9,1.1,1,2023-11-01,0656,Aqua,MODIS,40,61.03,295.1,6.7,D,0
-2.84,106.5258,330.5,1,1,2023-11-01,0656,Aqua,MODIS,65,61.03,304.7,18.6,D,0
-2.215,105.9459,319.8,1,1,2023-11-01,0657,Aqua,MODIS,62,61.03,299.4,9.6,D,0
-2.9832,106.8062,303.3,1,1,2023-11-02,1449,Terra,MODIS,49,61.03,288.7,4.4,N,0
-2.9844,106.797,303.9,1,1,2023-11-02,1449,Terra,MODIS,53,61.03,288.2,4.7,N,0
-3.0175,108.1746,318.4,1,1,2023-11-03,0641,Aqua,MODIS,52,61.03,285.1,11.5,D,0
-2.8444,106.516,300.3,1.9,1.4,2023-11-04,1432,Terra,MODIS,24,61.03,279.9,9.2,N,0
-2.5659,106.761,328.6,1,1,2023-11-05,0254,Terra,MODIS,72,61.03,297.5,19.5,D,0
-2.5462,106.4982,320.2,1,1,2023-11-05,0254,Terra,MODIS,62,61.03,297.7,10,D,0
-2.5475,106.5071,325.5,1,1,2023-11-05,0254,Terra,MODIS,79,61.03,297.6,15.7,D,0
-2.7621000000000002,106.3751,308,1,1,2023-11-07,1456,Terra,MODIS,73,61.03,293.4,6.6,N,0
-2.8616,106.5279,314.1,1,1,2023-11-07,1456,Terra,MODIS,89,61.03,294.5,10.5,N,0
-2.8431,106.5189,305.6,1,1,2023-11-07,1456,Terra,MODIS,63,61.03,294.8,4.6,N,0
-2.8443,106.5101,317.1,1,1,2023-11-07,1456,Terra,MODIS,94,61.03,294.8,13.3,N,0
-2.833,106.5265,311.1,1,1,2023-11-07,1456,Terra,MODIS,82,61.03,295,8.1,N,0
-2.8467,106.5182,304.7,1.4,1.2,2023-11-07,1834,Aqua,MODIS,56,61.03,294.3,7.3,N,0
-1.7188,105.9442,311.8,2.1,1.4,2023-11-08,0317,Terra,MODIS,51,61.03,294.2,12.9,D,0
-2.8635,106.5413,310.1,2.4,1.5,2023-11-08,0318,Terra,MODIS,35,61.03,292.4,18.1,D,0
-2.8595,106.5362,312,2.4,1.5,2023-11-08,0318,Terra,MODIS,37,61.03,292.2,23.1,D,0
-3.1697,107.7807,316.4,1.1,1,2023-11-08,0653,Aqua,MODIS,50,61.03,300.8,5.8,D,0
-2.9387,108.2262,328.7,1.1,1.1,2023-11-08,0653,Aqua,MODIS,82,61.03,305.4,16.9,D,0
-2.8773,108.0218,320.2,1.1,1,2023-11-08,0653,Aqua,MODIS,67,61.03,298,11.8,D,0
-3.0529,106.6302,318.4,1,1,2023-11-08,0653,Aqua,MODIS,67,61.03,301.1,8.1,D,0
-3.0542,106.6213,352.4,1,1,2023-11-08,0653,Aqua,MODIS,96,61.03,302.3,59.9,D,0
-2.9382,106.8435,317.9,1,1,2023-11-08,0653,Aqua,MODIS,66,61.03,302.4,7.9,D,0
-2.924,106.4993,319.4,1,1,2023-11-08,0653,Aqua,MODIS,68,61.03,299.7,10,D,0
-2.6608,108.047,317.1,1.1,1,2023-11-08,0653,Aqua,MODIS,60,61.03,297.7,9.3,D,0
-2.8633,106.5291,326.6,1,1,2023-11-08,0653,Aqua,MODIS,71,61.03,301.8,15.3,D,0
-2.8442,106.5354,325.8,1,1,2023-11-08,0653,Aqua,MODIS,55,61.03,302.8,13.2,D,0
-2.8455,106.5265,346.3,1,1,2023-11-08,0653,Aqua,MODIS,93,61.03,305.3,43.7,D,0
-2.8353,106.5341,322.1,1,1,2023-11-08,0653,Aqua,MODIS,58,61.03,301.8,9.5,D,0
-2.8366,106.5252,347.4,1,1,2023-11-08,0653,Aqua,MODIS,93,61.03,304.7,46.3,D,0
-2.5952,106.6048,320.4,1,1,2023-11-08,0653,Aqua,MODIS,70,61.03,302.4,8.1,D,0
-2.5966,106.5323,316.7,1,1,2023-11-08,0653,Aqua,MODIS,55,61.03,301.1,6.6,D,0
-2.5979,106.5234,316.1,1,1,2023-11-08,0653,Aqua,MODIS,61,61.03,301.4,6.1,D,0
-2.8336,106.5359,302.7,2.4,1.5,2023-11-08,1915,Aqua,MODIS,51,61.03,292.3,15.3,N,0
-2.8381,106.5371,304.7,1.4,1.2,2023-11-09,1439,Terra,MODIS,46,61.03,292.9,6.8,N,0
-2.8398,106.5247,310.6,1.4,1.2,2023-11-09,1439,Terra,MODIS,80,61.03,293.3,13.2,N,0
-2.8294,106.5233,306.1,1.4,1.2,2023-11-09,1439,Terra,MODIS,67,61.03,292.7,8.5,N,0
-2.8318,106.5305,310.7,1.4,1.2,2023-11-09,1439,Terra,MODIS,81,61.03,293,13.5,N,0
-2.746,106.487,303.2,1.4,1.2,2023-11-09,1439,Terra,MODIS,54,61.03,291.3,6.6,N,0
-1.7151,105.9426,314.7,1.1,1,2023-11-10,0301,Terra,MODIS,54,61.03,292.6,9.3,D,0
-2.6377,106.3955,326.4,1.2,1.1,2023-11-10,0301,Terra,MODIS,80,61.03,296.8,22.8,D,0
-3.1545,108.1022,318.5,1.1,1.1,2023-11-10,0638,Aqua,MODIS,61,61.03,301.3,7.5,D,0
-3.0918,108.1678,319.5,1.1,1,2023-11-10,0638,Aqua,MODIS,41,61.03,301.1,6.6,D,0
-2.059,105.9625,322.6,1.4,1.2,2023-11-10,0638,Aqua,MODIS,71,61.03,290,26.6,D,0
-2.0615,105.8712,318.7,1.5,1.2,2023-11-10,0638,Aqua,MODIS,66,61.03,292.6,18.9,D,0
-1.9826,105.9331,311.5,1.4,1.2,2023-11-10,0638,Aqua,MODIS,36,61.03,294,8.8,D,0
-2.441,106.1583,317.9,1.2,1.1,2023-11-13,0704,Aqua,MODIS,63,61.03,296.4,10.3,D,0
-2.4579,106.3181,322.4,1.3,1.1,2023-11-13,0704,Aqua,MODIS,68,61.03,293.6,15.9,D,0
-2.4563,106.3292,315.8,1.3,1.1,2023-11-13,0704,Aqua,MODIS,42,61.03,294.4,7.5,D,0
-2.1715,105.9565,311,1.4,1.2,2023-11-15,0308,Terra,MODIS,50,61.03,292.1,6.2,D,0
-2.4268,106.0481,317.5,1,1,2023-11-15,0649,Aqua,MODIS,69,61.03,288.2,10,D,0
-2.4021,106.0911,317.1,1,1,2023-11-15,0649,Aqua,MODIS,68,61.03,291.6,9.2,D,0
-2.4035,106.082,320.3,1,1,2023-11-15,0649,Aqua,MODIS,73,61.03,291.2,12.6,D,0
-2.2398,106.1298,324.6,1,1,2023-11-15,0649,Aqua,MODIS,78,61.03,285.6,20.8,D,0
-2.0426,105.7707,319.6,1,1,2023-11-15,0649,Aqua,MODIS,72,61.03,298.8,9.1,D,0
-2.0439,105.7614,319.8,1,1,2023-11-15,0649,Aqua,MODIS,72,61.03,298.9,9,D,0
-1.6511,105.4156,315.6,1.1,1,2023-11-15,0649,Aqua,MODIS,68,61.03,298.7,5.8,D,0
-2.8545,106.4708,325.7,1,1,2023-11-15,0649,Aqua,MODIS,82,61.03,287,19.6,D,0
-2.8558,106.4618,309.6,1,1,2023-11-15,0649,Aqua,MODIS,58,61.03,284.4,5,D,0
-2.8882,106.2354,322,1,1,2023-11-15,0649,Aqua,MODIS,0,61.03,287.5,14.3,D,0
-2.8146,106.4217,306.7,1,1,2023-11-15,0649,Aqua,MODIS,43,61.03,276.3,4.5,D,0
-2.6692,106.3425,323.3,1,1,2023-11-15,0649,Aqua,MODIS,71,61.03,292.2,14.6,D,0
-2.5841,106.7415,328.3,1,1,2023-11-15,0649,Aqua,MODIS,83,61.03,286.4,18.8,D,0
-2.5854,106.7326,318.2,1,1,2023-11-15,0649,Aqua,MODIS,69,61.03,287,8.1,D,0
-2.6323,106.2169,312.2,1,1,2023-11-15,0649,Aqua,MODIS,43,61.03,290.5,3.9,D,0
-2.6336,106.2078,328.9,1,1,2023-11-15,0649,Aqua,MODIS,83,61.03,292.3,21.1,D,0
-2.6349,106.1987,355.1,1,1,2023-11-15,0649,Aqua,MODIS,98,61.03,293.4,69.4,D,0
-2.6259,106.1974,312.6,1,1,2023-11-15,0649,Aqua,MODIS,54,61.03,290.4,4.8,D,0
-2.6376,106.1152,310.2,1,1,2023-11-15,0649,Aqua,MODIS,49,61.03,287.5,4.3,D,0
-2.5376,106.556,318.1,1,1,2023-11-15,0649,Aqua,MODIS,65,61.03,287.9,10.2,D,0
-2.4471,106.1593,314.7,1,1,2023-11-15,0649,Aqua,MODIS,61,61.03,292.3,6.4,D,0
-2.4345,106.0585,316.4,1,1,2023-11-15,0649,Aqua,MODIS,66,61.03,288.9,9.1,D,0
-2.4255,106.0572,334.2,1,1,2023-11-15,0649,Aqua,MODIS,86,61.03,289.4,29.9,D,0
-2.8711,106.5509,315,1.1,1.1,2023-11-20,0700,Aqua,MODIS,38,61.03,297.8,5.5,D,0
-2.8474,106.517,325.9,1.1,1.1,2023-11-20,0700,Aqua,MODIS,68,61.03,301.4,14.9,D,0
-2.8135,106.5164,328.1,1.1,1.1,2023-11-20,0700,Aqua,MODIS,78,61.03,301.4,17.8,D,0
-2.7882,106.362,327.7,1.1,1,2023-11-20,0700,Aqua,MODIS,80,61.03,299.3,20.6,D,0
-2.7495,106.3663,320.8,1.1,1,2023-11-20,0700,Aqua,MODIS,71,61.03,299,11.8,D,0
-2.751,106.3565,322.5,1.1,1,2023-11-20,0700,Aqua,MODIS,74,61.03,299,14.1,D,0
-2.2986,106.1242,324.7,1.1,1,2023-11-20,0700,Aqua,MODIS,78,61.03,296.6,16.5,D,0
-1.5807,105.9896,322.8,1,1,2023-11-29,0248,Terra,MODIS,76,61.03,296.3,14.9,D,0
-1.5821,105.9988,315.9,1,1,2023-11-29,0248,Terra,MODIS,61,61.03,297,7.8,D,0
-3.0348,108.0813,314.4,1.1,1,2023-11-29,0641,Aqua,MODIS,41,61.03,293.3,6.9,D,0
-3.1645,108.0101,317.1,1.1,1,2023-11-29,0641,Aqua,MODIS,67,61.03,296.4,6.2,D,0
-1.5819,105.9883,314,1.3,1.1,2023-11-29,0642,Aqua,MODIS,34,61.03,293,10.3,D,0
-2.8389,106.5164,306.1,1.2,1.1,2023-12-11,1504,Terra,MODIS,67,61.03,290.1,6.8,N,0
-3.1925,108.0176,311.2,1.4,1.2,2023-12-13,0632,Aqua,MODIS,47,61.03,296,6.9,D,0
-2.3379,106.0515,310.2,2,1.4,2023-12-13,0633,Aqua,MODIS,20,61.03,290.3,12.3,D,0
-2.8094,106.4286,308.6,1.9,1.3,2023-12-13,0633,Aqua,MODIS,51,61.03,282.9,9.4,D,0
-2.4244,106.2143,323.1,1.9,1.3,2023-12-13,0633,Aqua,MODIS,69,61.03,287,40.9,D,0
-2.3305,106.0574,313.7,2,1.4,2023-12-13,0633,Aqua,MODIS,57,61.03,290.4,18.8,D,0
-1.5543,105.7722,315.2,1,1,2023-12-16,0659,Aqua,MODIS,58,61.03,288,9.6,D,0
-2.4906,106.4513,317.8,1.2,1.1,2023-12-18,0643,Aqua,MODIS,62,61.03,297.7,9.5,D,0
-2.5958,106.3644,321.9,1.2,1.1,2023-12-18,0643,Aqua,MODIS,75,61.03,298,14.8,D,0
-2.5974,106.3537,327.3,1.2,1.1,2023-12-18,0643,Aqua,MODIS,80,61.03,297.7,23.2,D,0
-2.489,106.4619,335.2,1.2,1.1,2023-12-18,0643,Aqua,MODIS,66,61.03,297.1,36.2,D,0
-2.6056,106.3658,320.1,1.2,1.1,2023-12-18,0643,Aqua,MODIS,59,61.03,297.7,12.6,D,0
